record_id,source_id,source_type,headline,body,published_at,timestamp_quality,simulated_at,is_synthetic,primary_entity_id
pb-3052b6f774,kaggle_financial_phrasebank,NEWS,"According to the company, the net loss will be between EUR 1.5 million and EUR 2.0 million.","According to the company, the net loss will be between EUR 1.5 million and EUR 2.0 million.",2024-01-01T00:00:00Z,DATE_ONLY,,false,
pb-446a755b93,kaggle_financial_phrasebank,NEWS,Operating profit rose by 14% to EUR 12.3 million from EUR 10.8 million.,Operating profit rose by 14% to EUR 12.3 million from EUR 10.8 million.,2024-01-01T00:00:00Z,DATE_ONLY,,false,
pb-13954e2785,kaggle_financial_phrasebank,NEWS,"Operating loss for the period was EUR 1.8 million, compared with an operating profit of EUR 0.4 million.","Operating loss for the period was EUR 1.8 million, compared with an operating profit of EUR 0.4 million.",2024-01-01T00:00:00Z,DATE_ONLY,,false,
pb-6875230824,kaggle_financial_phrasebank,NEWS,Sales increased by 7.4% to EUR 27.2 million from EUR 25.3 million in the corresponding period of 2007.,Sales increased by 7.4% to EUR 27.2 million from EUR 25.3 million in the corresponding period of 2007.,2024-01-01T00:00:00Z,DATE_ONLY,,false,
pb-33b473e987,kaggle_financial_phrasebank,NEWS,The contract has a value of EUR 3.5 million and will run for three years.,The contract has a value of EUR 3.5 million and will run for three years.,2024-01-01T00:00:00Z,DATE_ONLY,,false,
pb-5cefef97f8,kaggle_financial_phrasebank,NEWS,Net sales decreased by 8% to EUR 29.8 million from EUR 32.4 million.,Net sales decreased by 8% to EUR 29.8 million from EUR 32.4 million.,2024-01-01T00:00:00Z,DATE_ONLY,,false,
pb-c3f27ca4ff,kaggle_financial_phrasebank,NEWS,"Net profit totaled EUR 4.2 million, up from EUR 1.9 million.","Net profit totaled EUR 4.2 million, up from EUR 1.9 million.",2024-01-01T00:00:00Z,DATE_ONLY,,false,
pb-e71f8ba692,kaggle_financial_phrasebank,NEWS,The closure of the plant will result in the loss of approximately 140 jobs.,The closure of the plant will result in the loss of approximately 140 jobs.,2024-01-01T00:00:00Z,DATE_ONLY,,false,
pb-603366b320,kaggle_financial_phrasebank,NEWS,The company has signed an agreement with an international distributor.,The company has signed an agreement with an international distributor.,2024-01-01T00:00:00Z,DATE_ONLY,,false,
pb-ac9ff7a52a,kaggle_financial_phrasebank,NEWS,EBITDA grew to EUR 8.9 million from EUR 6.4 million in the previous year.,EBITDA grew to EUR 8.9 million from EUR 6.4 million in the previous year.,2024-01-01T00:00:00Z,DATE_ONLY,,false,
