record_id,source_id,source_type,headline,body,published_at,timestamp_quality,simulated_at,is_synthetic,primary_entity_id,event_class
news-001,news_demo,news,"Federal Reserve signals benchmark rate hike amid persistent core inflation","The Federal Open Market Committee indicated in its post-meeting policy statement that benchmark federal funds rates will likely rise by 50 to 75 basis points as core services inflation remains elevated across major metropolitan districts.",2026-03-01T09:00:00Z,synthetic,2026-03-01T09:00:00Z,true,MACRO,MACRO
news-002,news_demo,news,"Apex Industrial Holdings faces rating agency downgrade warning on debt load","Credit rating agencies issued a formal negative outlook warning for Apex Industrial Holdings citing deteriorating interest coverage ratios and heavy near-term debt maturities totaling $1.2B due within nine months.",2026-03-01T09:15:00Z,synthetic,2026-03-01T09:15:00Z,true,APEX,CREDIT
news-003,news_demo,news,"Global Logistics Corp reports critical port terminal bottleneck delaying shipments","Severe congestion at key West Coast cargo hubs has halted container processing for Global Logistics Corp, triggering delivery delays for Tier-1 manufacturing suppliers.",2026-03-01T09:30:00Z,synthetic,2026-03-01T09:30:00Z,true,GLOG,SUPPLY_CHAIN
news-004,news_demo,news,"Department of Justice launches antitrust inquiry into Quantum Semiconductor mergers","Antitrust regulators have formally opened a monopolization inquiry into Quantum Semiconductor's proposed acquisition of OptiChip Systems, requesting unredacted internal communications.",2026-03-01T09:45:00Z,synthetic,2026-03-01T09:45:00Z,true,QSEM,REGULATORY
news-005,news_demo,news,"Meridian Financial posts Q1 earnings surge on robust commercial loan yields","Meridian Financial reported first-quarter net income exceeding consensus expectations by 18 percent, propelled by widening net interest margins across institutional syndicated facilities.",2026-03-01T10:00:00Z,synthetic,2026-03-01T10:00:00Z,true,MFIN,EARNINGS
news-006,news_demo,news,"Starlight Energy agrees to all-cash acquisition of SolarWave Infrastructure","Starlight Energy announced a definitive agreement to acquire SolarWave Infrastructure for $4.8 billion in cash and assumed debt, creating the regional leader in utility-scale solar generation.",2026-03-01T10:15:00Z,synthetic,2026-03-01T10:15:00Z,true,SLEN,M_AND_A
news-007,news_demo,news,"Critical zero-day vulnerability detected in CloudSecure enterprise gateway","Cybersecurity researchers confirmed active exploitation of an unpatched authentication bypass flaw affecting CloudSecure's widely deployed firewall appliance.",2026-03-01T10:30:00Z,synthetic,2026-03-01T10:30:00Z,true,CSEC,CYBER
news-008,news_demo,news,"BioHealth Pharma receives unconditional FDA approval for novel oncology therapeutic","The Food and Drug Administration granted priority approval for BioHealth Pharma's breakthrough kinase inhibitor following positive Phase 3 clinical trial survival data.",2026-03-01T10:45:00Z,synthetic,2026-03-01T10:45:00Z,true,BHPH,PRODUCT
news-009,news_demo,news,"Cross-border maritime straits closed following naval skirmish in Hormuz","Escalating military friction prompted immediate maritime transit halts through key energy choke points, driving benchmark Brent crude futures up 7.2 percent amid nationwide trade sanctions and global market-wide systemic contagion fears.",2026-03-01T11:00:00Z,synthetic,2026-03-01T11:00:00Z,true,MACRO,GEOPOLITICAL
news-010,news_demo,news,"Apex Industrial Holdings misses syndicated credit facility interest payment","Apex Industrial Holdings failed to remit a scheduled $45 million quarterly coupon payment to lending syndicates, triggering a formal 30-day cure period under credit covenants.",2026-03-01T11:15:00Z,synthetic,2026-03-01T11:15:00Z,true,APEX,CREDIT
news-011,news_demo,news,"Treasury yields spike across 2-year and 10-year curve on unexpected PPI print","Sovereign bond prices plummeted as benchmark 10-year Treasury yields surged 14 basis points in intraday trading after producer price index inflation exceeded forecasts.",2026-03-01T11:30:00Z,synthetic,2026-03-01T11:30:00Z,true,MACRO,MACRO
news-012,news_demo,news,"Titan Steel declares force majeure after catastrophic fire at primary blast furnace facility","An unexpected industrial fire at Titan Steel's primary rolling mill halted output indefinitely, forcing the company to invoke contract force majeure clauses across automakers supply chain network.",2026-03-01T11:45:00Z,synthetic,2026-03-01T11:45:00Z,true,TSTEL,SUPPLY_CHAIN
news-013,news_demo,news,"Federal Trade Commission blocks Medix Diagnostics buyout of GenLab","Regulators filed a preliminary injunction in federal court to halt Medix Diagnostics' proposed $1.9B purchase of GenLab, alleging anti-competitive medical testing consolidation.",2026-03-01T12:00:00Z,synthetic,2026-03-01T12:00:00Z,true,MEDX,REGULATORY
news-014,news_demo,news,"Vanguard Auto beats delivery expectations by 12% on battery manufacturing ramp","Electric vehicle manufacturer Vanguard Auto delivered 425,000 units in the trailing quarter, demonstrating improved factory efficiency and battery cell availability.",2026-03-01T12:15:00Z,synthetic,2026-03-01T12:15:00Z,true,VAUTO,EARNINGS
news-015,news_demo,news,"FinSecure Bank experiences critical ransomware breach on legacy payment servers","FinSecure Bank confirmed unauthorized encryption of internal payment processing nodes following an unpatched zero-day exploit, threatening regional banks payment network.",2026-03-01T12:30:00Z,synthetic,2026-03-01T12:30:00Z,true,FSBK,CYBER
news-016,news_demo,news,"Omni Retail issues cautious full-year guidance as discretionary consumer spending softens","Management at Omni Retail lowered second-half operating margin targets by 150 basis points, citing inventory discounting and subdued consumer foot traffic.",2026-03-01T12:45:00Z,synthetic,2026-03-01T12:45:00Z,true,OMNI,EARNINGS
news-017,news_demo,news,"European Central Bank signals surprise liquidity tightening to stem currency weakness","ECB governors convened in an unscheduled emergency session and indicated impending reserve requirement hikes to stabilize the common currency against the dollar.",2026-03-01T13:00:00Z,synthetic,2026-03-01T13:00:00Z,true,MACRO,MACRO
news-018,news_demo,news,"Lithium One secures multi-year direct offtake agreement with major battery consortium","Lithium One finalized a binding 5-year supply agreement to provide 40,000 metric tons of battery-grade lithium carbonate annually at market-indexed pricing.",2026-03-01T13:15:00Z,synthetic,2026-03-01T13:15:00Z,true,LITH,PRODUCT
news-019,news_demo,news,"Creditors assemble ad hoc committee as Apex Industrial enters debt restructuring","Senior unsecured bondholders of Apex Industrial Holdings retained restructuring counsel to evaluate debt-for-equity swap proposals and collateral ring-fencing.",2026-03-01T13:30:00Z,synthetic,2026-03-01T13:30:00Z,true,APEX,CREDIT
news-020,news_demo,news,"National Rail Freight strike averted as union ratifies tentative wage agreement","Supply chain risks eased across central transport corridors after freight rail engineers approved a compromise four-year labor contract with cost-of-living adjustments.",2026-03-01T13:45:00Z,synthetic,2026-03-01T13:45:00Z,true,MACRO,SUPPLY_CHAIN
news-021,news_demo,news,"Securities and Exchange Commission probes revenue recognition at DataCloud Corp","Federal regulators opened an inquiry examining whether DataCloud Corp prematurely recognized multi-year cloud subscription renewals in prior fiscal statements.",2026-03-01T14:00:00Z,synthetic,2026-03-01T14:00:00Z,true,DCLD,REGULATORY
news-022,news_demo,news,"Pacific Telecom completes $3.2B subsea fiber network ahead of schedule","Pacific Telecom activated its ultra-low latency transpacific optical cable system, expanding enterprise bandwidth capacity between Tokyo and San Francisco.",2026-03-01T14:15:00Z,synthetic,2026-03-01T14:15:00Z,true,PTEL,PRODUCT
news-023,news_demo,news,"Global trade pact talks stall over agricultural export subsidies in Geneva","World Trade Organization bilateral discussions ended without an accord after trade delegates deadlocked over tariff exemptions for strategic grain shipments.",2026-03-01T14:30:00Z,synthetic,2026-03-01T14:30:00Z,true,MACRO,GEOPOLITICAL
news-024,news_demo,news,"AeroTech Industries wins $1.8B government defense avionics modernization contract","The Department of Defense awarded AeroTech Industries a firm-fixed-price contract to upgrade electronic warfare countermeasure systems across naval aviation wings.",2026-03-01T14:45:00Z,synthetic,2026-03-01T14:45:00Z,true,AERO,EARNINGS
news-025,news_demo,news,"Central Bank Governor confirms emergency liquidity facility ready for regional lenders","Speaking before the parliamentary monetary committee, the central bank governor affirmed that standing discount window facilities will support solvent commercial institutions.",2026-03-01T15:00:00Z,synthetic,2026-03-01T15:00:00Z,true,MACRO,CREDIT
news-026,news_demo,news,"BREAKING: Apex Industrial Holdings misses syndicated credit facility interest payment via Reuters","Apex Industrial Holdings failed to remit a scheduled $45 million quarterly coupon payment to lending syndicates, triggering a formal 30-day cure period under credit covenants.",2026-03-01T15:15:00Z,synthetic,2026-03-01T15:15:00Z,true,APEX,CREDIT
