record_id,source_id,source_type,text,author_handle,published_at,timestamp_quality,simulated_at,is_synthetic,cashtags,primary_entity_id
soc-001,social_demo,social,"Huge volume spike on $APEX puts today. Street is whispering about a credit downgrade before the bell. Watch out below.","@macro_trader_99",2026-03-01T09:05:00Z,synthetic,2026-03-01T09:05:00Z,true,$APEX,APEX
soc-002,social_demo,social,"Fed terminal rate repricing higher again. 10Y yield breaching 4.65%. High duration credit is getting crushed today. $SPY $TLT","@yield_curve_alpha",2026-03-01T09:12:00Z,synthetic,2026-03-01T09:12:00Z,true,"$SPY,$TLT",MACRO
soc-003,social_demo,social,"Hearing severe parts shortage at West Coast logistics terminals. $GLOG customers are scrambling for trucking capacity.","@freight_pulse",2026-03-01T09:22:00Z,synthetic,2026-03-01T09:22:00Z,true,$GLOG,GLOG
soc-004,social_demo,social,"$QSEM acquisition of OptiChip looks dead on arrival with DOJ antitrust intervention. Arbitrage spread widening past 24%.","@merger_arb_pro",2026-03-01T09:48:00Z,synthetic,2026-03-01T09:48:00Z,true,$QSEM,QSEM
soc-005,social_demo,social,"Incredible earnings print from $MFIN! Net interest margins blew away expectations. Commercial banking franchise is printing cash.","@fintech_bull",2026-03-01T10:04:00Z,synthetic,2026-03-01T10:04:00Z,true,$MFIN,MFIN
soc-006,social_demo,social,"$SLEN paying an enormous 35% premium for SolarWave in all-cash. Balance sheet leverage is going to spike. Downgrade risk ahead.","@clean_energy_desk",2026-03-01T10:18:00Z,synthetic,2026-03-01T10:18:00Z,true,$SLEN,SLEN
soc-007,social_demo,social,"Critical CVE out for $CSEC enterprise firewalls. SOC teams patching immediately. Security incident response active.","@sec_analyst_dan",2026-03-01T10:33:00Z,synthetic,2026-03-01T10:33:00Z,true,$CSEC,CSEC
soc-008,social_demo,social,"FDA green lights $BHPH new oncology drug! Massive TAM expansion and zero black box warning. Long and strong!","@biotech_scout",2026-03-01T10:49:00Z,synthetic,2026-03-01T10:49:00Z,true,$BHPH,BHPH
soc-009,social_demo,social,"Oil up 7% on Gulf military confrontation. Inflation expectations un-anchoring right as central banks attempt soft landing. $XLE","@global_macro_insider",2026-03-01T11:03:00Z,synthetic,2026-03-01T11:03:00Z,true,$XLE,MACRO
soc-010,social_demo,social,"Unconfirmed chatter that $APEX just defaulted on its quarterly syndicated loan coupon. CDS spreads blowing out 280 bps.","@distressed_debt_fund",2026-03-01T11:20:00Z,synthetic,2026-03-01T11:20:00Z,true,$APEX,APEX
soc-011,social_demo,social,"Yield curve bear-flattening hard. 2Y notes printing 4.88%. Banks loan portfolios are going to feel unrealized losses again. $KRE","@bond_vigilante",2026-03-01T11:34:00Z,synthetic,2026-03-01T11:34:00Z,true,$KRE,MACRO
soc-012,social_demo,social,"Fire at $TSTEL main blast furnace will starve auto assembly lines within 48 hours. Watch $VAUTO and Tier-1 suppliers.","@metals_supply_flow",2026-03-01T11:51:00Z,synthetic,2026-03-01T11:51:00Z,true,"$TSTEL,$VAUTO",TSTEL
soc-013,social_demo,social,"FTC injunction against $MEDX was telegraphed, but stock is still dropping 8%. Antitrust climate under this administration is ferocious.","@arb_specialist",2026-03-01T12:06:00Z,synthetic,2026-03-01T12:06:00Z,true,$MEDX,MEDX
soc-014,social_demo,social,"Solid delivery numbers from $VAUTO. Gigafactory throughput improving despite macro headwinds. Production targets look realistic.","@ev_investor_hq",2026-03-01T12:19:00Z,synthetic,2026-03-01T12:19:00Z,true,$VAUTO,VAUTO
soc-015,social_demo,social,"Ransomware attack hitting $FSBK legacy payment rails. Customer deposits supposedly safe, but transaction settlement is halted.","@fin_security_feed",2026-03-01T12:35:00Z,synthetic,2026-03-01T12:35:00Z,true,$FSBK,FSBK
soc-016,social_demo,social,"$OMNI guidance cut is another clear sign of middle-class consumer fatigue. Margins down across apparel and electronics. Retail recession.","@retail_analyst_sam",2026-03-01T12:49:00Z,synthetic,2026-03-01T12:49:00Z,true,$OMNI,OMNI
soc-017,social_demo,social,"ECB hawkish surprise! Emergency meeting signals higher reserve requirements. EURUSD rallying, European sovereign yields spiking.","@forex_central",2026-03-01T13:05:00Z,synthetic,2026-03-01T13:05:00Z,true,$EURUSD,MACRO
soc-018,social_demo,social,"$LITH 5-year offtake contract locks in guaranteed cash flows. Massive derisking for their upcoming expansion CAPEX.","@mining_insights",2026-03-01T13:19:00Z,synthetic,2026-03-01T13:19:00Z,true,$LITH,LITH
soc-019,social_demo,social,"Ad hoc creditor steering committee formed for $APEX debt restructuring. Term loan quotes dropping to 62 cents on the dollar.","@distressed_debt_fund",2026-03-01T13:34:00Z,synthetic,2026-03-01T13:34:00Z,true,$APEX,APEX
soc-020,social_demo,social,"Rail strike officially avoided! Labor contract ratified. Huge relief for grain, coal, and chemicals distribution. $UNP $CSX","@rail_watch",2026-03-01T13:48:00Z,synthetic,2026-03-01T13:48:00Z,true,"$UNP,$CSX",SUPPLY_CHAIN
soc-021,social_demo,social,"SEC revenue recognition probe into $DCLD is serious. Multi-year enterprise SaaS contracts under intense scrutiny. Restatement probable.","@accounting_sleuth",2026-03-01T14:04:00Z,synthetic,2026-03-01T14:04:00Z,true,$DCLD,DCLD
soc-022,social_demo,social,"$PTEL completes subsea cable early. Hyperscalers signing dark fiber leases immediately. Solid infrastructure play.","@telecom_edge",2026-03-01T14:18:00Z,synthetic,2026-03-01T14:18:00Z,true,$PTEL,PTEL
soc-023,social_demo,social,"Geneva trade talks collapsed over agricultural tariffs. Emerging markets food security worries intensifying.","@global_policy_wire",2026-03-01T14:35:00Z,synthetic,2026-03-01T14:35:00Z,true,$DBA,MACRO
soc-024,social_demo,social,"$AERO scores $1.8B DoD contract for naval electronic warfare suites. Defense backlog now at all-time high of $14.2B.","@defense_insider",2026-03-01T14:49:00Z,synthetic,2026-03-01T14:49:00Z,true,$AERO,AERO
soc-025,social_demo,social,"Discount window ready to provide liquidity to any regional banks facing deposit flights. Contagion containment in effect. $XLF","@central_banker_eye",2026-03-01T15:04:00Z,synthetic,2026-03-01T15:04:00Z,true,$XLF,MACRO
soc-026,social_demo,social,"BREAKING: Federal Reserve signals benchmark rate hike amid persistent core inflation!! $MACRO","@fast_wire_alerts",2026-03-01T15:20:00Z,synthetic,2026-03-01T15:20:00Z,true,$MACRO,MACRO
