ticker,canonical_name,sector,aliases,ambiguous_aliases,is_synthetic,cik
A,Agilent Technologies,Health Care,Agilent Technologies,,false,1090872
AAPL,Apple Inc.,Information Technology,Apple|Apple Inc|iPhone,Apple,false,320193
ABBV,AbbVie,Health Care,AbbVie,,false,1551152
ABNB,Airbnb,Consumer Discretionary,Airbnb,,false,1559720
ABT,Abbott Laboratories,Health Care,Abbott Laboratories,,false,1800
ACGL,Arch Capital Group,Financials,Arch Capital|Arch Capital Group,,false,947484
ACN,Accenture,Information Technology,Accenture,,false,1467373
ADBE,Adobe Inc.,Information Technology,Adobe|Adobe Inc,,false,796343
ADI,Analog Devices,Information Technology,Analog Devices,,false,6281
ADM,Archer Daniels Midland,Consumer Staples,Archer Daniels Midland,,false,7084
ADP,Automatic Data Processing,Industrials,Automatic Data Processing,,false,8670
ADSK,Autodesk,Information Technology,Autodesk,,false,769397
AEE,Ameren,Utilities,Ameren,,false,1002910
AEP,American Electric Power,Utilities,American Electric Power,,false,4904
AERO,AeroTech Industries,Industrials,AeroTech|AeroTech Defense|AeroTech Industries,,true,
AES,AES Corporation,Utilities,AES|AES Corporation,AES,false,874761
AFL,Aflac,Financials,Aflac,,false,4977
AIG,American International Group,Financials,American International|American International Group,,false,5272
AIZ,Assurant,Financials,Assurant,,false,1267238
AJG,Arthur J. Gallagher & Co.,Financials,Arthur J. Gallagher|Arthur J. Gallagher & Co,,false,354190
AKAM,Akamai Technologies,Information Technology,Akamai Technologies,,false,1086222
ALB,Albemarle Corporation,Materials,Albemarle|Albemarle Corporation,,false,915913
ALGN,Align Technology,Health Care,Align Technology,,false,1097149
ALL,Allstate,Financials,Allstate,,false,899051
ALLE,Allegion,Industrials,Allegion,,false,1579241
AMAT,Applied Materials,Information Technology,Applied Materials,,false,6951
AMCR,Amcor,Materials,Amcor,,false,1748790
AMD,Advanced Micro Devices,Information Technology,Advanced Micro Devices,,false,2488
AME,Ametek,Industrials,Ametek,,false,1037868
AMGN,Amgen,Health Care,Amgen,,false,318154
AMP,Ameriprise Financial,Financials,Ameriprise Financial,,false,820027
AMT,American Tower,Real Estate,American Tower,,false,1053507
AMZN,Amazon,Consumer Discretionary,AWS|Amazon,AWS|Amazon,false,1018724
ANET,Arista Networks,Information Technology,Arista Networks,,false,1596532
AON,Aon plc,Financials,Aon|Aon plc,Aon,false,315293
AOS,A. O. Smith,Industrials,A. O. Smith,,false,91142
APA,APA Corporation,Energy,APA|APA Corporation,APA,false,1841666
APD,Air Products,Materials,Air Products,,false,2969
APEX,Apex Industrial Holdings,Industrials,Apex Corp|Apex Group|Apex Industrial|Apex Industrial Holdings,,true,
APH,Amphenol,Information Technology,Amphenol,,false,820313
APO,Apollo Global Management,Financials,Apollo Global Management,,false,1858681
APP,AppLovin,Communication Services,AppLovin,,false,1751008
APTV,Aptiv,Consumer Discretionary,Aptiv,,false,1521332
ARE,Alexandria Real Estate Equities,Real Estate,Alexandria Real Estate Equities,,false,1035443
ARES,Ares Management,Financials,Ares Management,,false,1176948
ATO,Atmos Energy,Utilities,Atmos Energy,,false,731802
AVGO,Broadcom,Information Technology,Broadcom,,false,1730168
AVY,Avery Dennison,Materials,Avery Dennison,,false,8818
AWK,American Water Works,Utilities,American Water Works,,false,1410636
AXON,Axon Enterprise,Industrials,Axon Enterprise,,false,1069183
AXP,American Express,Financials,American Express,,false,4962
AZO,AutoZone,Consumer Discretionary,AutoZone,,false,866787
BA,Boeing,Industrials,Boeing,,false,12927
BAC,Bank of America,Financials,Bank of America|BofA,,false,70858
BALL,Ball Corporation,Materials,Ball|Ball Corporation,Ball,false,9389
BAX,Baxter International,Health Care,Baxter International,,false,10456
BBY,Best Buy,Consumer Discretionary,Best Buy,,false,764478
BDX,Becton Dickinson,Health Care,Becton Dickinson,,false,10795
BE,Bloom Energy,Industrials,Bloom Energy,,false,1664703
BEN,Franklin Resources,Financials,Franklin Resources,,false,38777
BF-B,Brown–Forman,Consumer Staples,Brown–Forman,,false,14693
BG,Bunge Global,Consumer Staples,Bunge Global,,false,1996862
BHPH,BioHealth Pharma,Healthcare,BioHealth|BioHealth Pharma|BioHealth Therapeutics,,true,
BIIB,Biogen,Health Care,Biogen,,false,875045
BKNG,Booking Holdings,Consumer Discretionary,Booking|Booking Holdings,Booking,false,1075531
BKR,Baker Hughes,Energy,Baker Hughes,,false,1701605
BLK,BlackRock,Financials,BlackRock,,false,2012383
BMY,Bristol Myers Squibb,Health Care,Bristol Myers Squibb,,false,14272
BNY,BNY Mellon,Financials,BNY Mellon,,false,1390777
BR,Broadridge Financial Solutions,Industrials,Broadridge Financial Solutions,,false,1383312
BRK-B,Berkshire Hathaway,Financials,Berkshire|Berkshire Hathaway,,false,1067983
BRO,Brown & Brown,Financials,Brown & Brown,,false,79282
BSX,Boston Scientific,Health Care,Boston Scientific,,false,885725
BX,Blackstone Inc.,Financials,Blackstone|Blackstone Inc,,false,1393818
BXP,"BXP, Inc.",Real Estate,"BXP|BXP, Inc",BXP,false,1037540
C,Citigroup,Financials,Citi|Citigroup,Citi,false,831001
CAH,Cardinal Health,Health Care,Cardinal Health,,false,721371
CARR,Carrier Global,Industrials,Carrier Global,,false,1783180
CASY,Casey's,Consumer Staples,Casey's,,false,726958
CAT,Caterpillar Inc.,Industrials,Caterpillar|Caterpillar Inc,,false,18230
CB,Chubb Limited,Financials,Chubb|Chubb Limited,Chubb,false,896159
CBOE,Cboe Global Markets,Financials,Cboe Global Markets,,false,1374310
CBRE,CBRE Group,Real Estate,CBRE|CBRE Group,,false,1138118
CCI,Crown Castle,Real Estate,Crown Castle,,false,1051470
CCL,Carnival Corporation,Consumer Discretionary,Carnival|Carnival Corporation,,false,815097
CDNS,Cadence Design Systems,Information Technology,Cadence Design Systems,,false,813672
CDW,CDW Corporation,Information Technology,CDW|CDW Corporation,CDW,false,1402057
CEG,Constellation Energy,Utilities,Constellation Energy,,false,1868275
CF,CF Industries,Materials,CF Industries,,false,1324404
CFG,Citizens Financial Group,Financials,Citizens Financial|Citizens Financial Group,,false,759944
CHD,Church & Dwight,Consumer Staples,Church & Dwight,,false,313927
CHRW,C.H. Robinson,Industrials,C.H. Robinson,,false,1043277
CHTR,Charter Communications,Communication Services,Charter Communications,,false,1091667
CI,Cigna,Health Care,Cigna,,false,1739940
CIEN,Ciena,Information Technology,Ciena,,false,936395
CINF,Cincinnati Financial,Financials,Cincinnati Financial,,false,20286
CL,Colgate-Palmolive,Consumer Staples,Colgate-Palmolive,,false,21665
CLX,Clorox,Consumer Staples,Clorox,,false,21076
CMCSA,Comcast,Communication Services,Comcast|NBCUniversal,,false,1166691
CME,CME Group,Financials,CME|CME Group,CME,false,1156375
CMG,Chipotle Mexican Grill,Consumer Discretionary,Chipotle Mexican Grill,,false,1058090
CMI,Cummins,Industrials,Cummins,,false,26172
CMS,CMS Energy,Utilities,CMS Energy,,false,811156
CNC,Centene Corporation,Health Care,Centene|Centene Corporation,,false,1071739
CNP,CenterPoint Energy,Utilities,CenterPoint Energy,,false,1130310
COF,Capital One,Financials,Capital One,,false,927628
COHR,Coherent Corp.,Information Technology,Coherent|Coherent Corp,Coherent,false,820318
COIN,Coinbase,Financials,Coinbase,,false,1679788
COO,Cooper Companies (The),Health Care,Cooper Companies,,false,711404
COP,ConocoPhillips,Energy,ConocoPhillips,,false,1163165
COR,Cencora,Health Care,Cencora,,false,1140859
COST,Costco,Consumer Staples,Costco,,false,909832
CPAY,Corpay,Financials,Corpay,,false,1175454
CPRT,Copart,Industrials,Copart,,false,900075
CPT,Camden Property Trust,Real Estate,Camden Property Trust,,false,906345
CRH,CRH plc,Materials,CRH|CRH plc,CRH,false,849395
CRL,Charles River Laboratories,Health Care,Charles River Laboratories,,false,1100682
CRM,Salesforce,Information Technology,Salesforce,,false,1108524
CRWD,CrowdStrike,Information Technology,CrowdStrike,,false,1535527
CSCO,Cisco,Information Technology,Cisco,Cisco,false,858877
CSEC,CloudSecure Systems,Technology,Cloud Secure Inc|CloudSecure|CloudSecure Systems,,true,
CSGP,CoStar Group,Real Estate,CoStar|CoStar Group,,false,1057352
CSX,CSX Corporation,Industrials,CSX|CSX Corporation,CSX,false,277948
CTAS,Cintas,Industrials,Cintas,,false,723254
CTSH,Cognizant,Information Technology,Cognizant,,false,1058290
CVNA,Carvana,Consumer Discretionary,Carvana,,false,1690820
CVS,CVS Health,Health Care,CVS Health,,false,64803
CVX,Chevron Corporation,Energy,Chevron|Chevron Corporation,,false,93410
D,Dominion Energy,Utilities,Dominion Energy,,false,715957
DAL,Delta Air Lines,Industrials,Delta Air Lines,,false,27904
DASH,DoorDash,Consumer Discretionary,DoorDash,,false,1792789
DCLD,DataCloud Corp,Technology,DataCloud|DataCloud Corp|DataCloud Systems,,true,
DD,DuPont,Industrials,DuPont,,false,1666700
DDOG,Datadog,Information Technology,Datadog,,false,1561550
DE,Deere & Company,Industrials,Deere &|Deere & Company,,false,315189
DECK,Deckers Brands,Consumer Discretionary,Deckers Brands,,false,910521
DELL,Dell Technologies,Information Technology,Dell Technologies,,false,1571996
DG,Dollar General,Consumer Staples,Dollar General,,false,29534
DGX,Quest Diagnostics,Health Care,Quest Diagnostics,,false,1022079
DHI,D. R. Horton,Consumer Discretionary,D. R. Horton,,false,882184
DHR,Danaher Corporation,Health Care,Danaher|Danaher Corporation,,false,313616
DIS,Walt Disney Company (The),Communication Services,Disney|Walt Disney|Walt Disney Company,,false,1744489
DLR,Digital Realty,Real Estate,Digital Realty,,false,1297996
DLTR,Dollar Tree,Consumer Staples,Dollar Tree,,false,935703
DOC,Healthpeak Properties,Real Estate,Healthpeak Properties,,false,765880
DOV,Dover Corporation,Industrials,Dover|Dover Corporation,Dover,false,29905
DOW,Dow Inc.,Materials,Dow Inc,,false,1751788
DPZ,Domino's,Consumer Discretionary,Domino's,,false,1286681
DRI,Darden Restaurants,Consumer Discretionary,Darden Restaurants,,false,940944
DTE,DTE Energy,Utilities,DTE Energy,,false,936340
DUK,Duke Energy,Utilities,Duke Energy,,false,1326160
DVA,DaVita,Health Care,DaVita,,false,927066
DVN,Devon Energy,Energy,Devon Energy,,false,1090012
DXCM,Dexcom,Health Care,Dexcom,,false,1093557
EBAY,eBay Inc.,Consumer Discretionary,eBay|eBay Inc,,false,1065088
ECHO,EchoStar,Communication Services,EchoStar,,false,1415404
ECL,Ecolab,Materials,Ecolab,,false,31462
ED,Consolidated Edison,Utilities,Consolidated Edison,,false,1047862
EFX,Equifax,Industrials,Equifax,,false,33185
EG,Everest Group,Financials,Everest|Everest Group,Everest,false,1095073
EIX,Edison International,Utilities,Edison International,,false,827052
EL,Estée Lauder Companies (The),Consumer Staples,Estée Lauder Companies,,false,1001250
ELV,Elevance Health,Health Care,Elevance Health,,false,1156039
EME,Emcor,Industrials,Emcor,,false,105634
EMR,Emerson Electric,Industrials,Emerson Electric,,false,32604
EOG,EOG Resources,Energy,EOG Resources,,false,821189
EQIX,Equinix,Real Estate,Equinix,,false,1101239
EQT,EQT Corporation,Energy,EQT|EQT Corporation,EQT,false,33213
ERIE,Erie Indemnity,Financials,Erie Indemnity,,false,922621
ES,Eversource Energy,Utilities,Eversource Energy,,false,72741
ESS,Essex Property Trust,Real Estate,Essex Property Trust,,false,920522
ETN,Eaton Corporation,Industrials,Eaton|Eaton Corporation,,false,1551182
ETR,Entergy,Utilities,Entergy,,false,65984
EVRG,Evergy,Utilities,Evergy,,false,1711269
EW,Edwards Lifesciences,Health Care,Edwards Lifesciences,,false,1099800
EXC,Exelon,Utilities,Exelon,,false,1109357
EXE,Expand Energy,Energy,Expand Energy,,false,895126
EXPD,Expeditors International,Industrials,Expeditors International,,false,746515
EXPE,Expedia Group,Consumer Discretionary,Expedia|Expedia Group,,false,1324424
EXR,Extra Space Storage,Real Estate,Extra Space Storage,,false,1289490
F,Ford Motor Company,Consumer Discretionary,Ford|Ford Motor|Ford Motor Company,Ford,false,37996
FANG,Diamondback Energy,Energy,Diamondback Energy,,false,1539838
FAST,Fastenal,Industrials,Fastenal,,false,815556
FCX,Freeport-McMoRan,Materials,Freeport-McMoRan,,false,831259
FDS,FactSet,Financials,FactSet,,false,1013237
FDX,FedEx,Industrials,FedEx,,false,1048911
FDXF,FedEx Freight,Industrials,FedEx Freight,,false,2082247
FE,FirstEnergy,Utilities,FirstEnergy,,false,1031296
FERG,Ferguson Enterprises,Industrials,Ferguson Enterprises,,false,2011641
FFIV,"F5, Inc.",Information Technology,"F5|F5, Inc",F5,false,1048695
FICO,Fair Isaac,Information Technology,Fair Isaac,,false,814547
FIS,Fidelity National Information Services,Financials,Fidelity National Information Services,,false,1136893
FISV,Fiserv,Financials,Fiserv,,false,798354
FITB,Fifth Third Bancorp,Financials,Fifth Third Bancorp,,false,35527
FIX,Comfort Systems USA,Industrials,Comfort Systems USA,,false,1035983
FLEX,Flex Ltd.,Information Technology,Flex|Flex Ltd,Flex,false,866374
FOX,Fox Corporation (Class B),Communication Services,Fox Corporation,,false,1754301
FOXA,Fox Corporation (Class A),Communication Services,,,false,1754301
FRT,Federal Realty Investment Trust,Real Estate,Federal Realty Investment Trust,,false,34903
FSBK,FinSecure Bank,Financials,FinSecure|FinSecure Bancorp|FinSecure Bank,,true,
FSLR,First Solar,Information Technology,First Solar,,false,1274494
FTNT,Fortinet,Information Technology,Fortinet,,false,1262039
FTV,Fortive,Industrials,Fortive,,false,1659166
GD,General Dynamics,Industrials,General Dynamics,,false,40533
GDDY,GoDaddy,Information Technology,GoDaddy,,false,1609711
GE,GE Aerospace,Industrials,GE Aerospace,,false,40545
GEHC,GE HealthCare,Health Care,GE HealthCare,,false,1932393
GEN,Gen Digital,Information Technology,Gen Digital,,false,849399
GEV,GE Vernova,Industrials,GE Vernova,,false,1996810
GILD,Gilead Sciences,Health Care,Gilead Sciences,,false,882095
GIS,General Mills,Consumer Staples,General Mills,,false,40704
GL,Globe Life,Financials,Globe Life,,false,320335
GLOG,Global Logistics Corp,Transportation,GLOG International|Global Logistics|Global Logistics Corp,,true,
GLW,Corning Inc.,Information Technology,Corning|Corning Inc,Corning,false,24741
GM,General Motors,Consumer Discretionary,General Motors,,false,1467858
GNRC,Generac,Industrials,Generac,,false,1474735
GOOG,Alphabet Inc. (Class C),Communication Services,Alphabet Inc,,false,1652044
GOOGL,Alphabet Inc. (Class A),Communication Services,Alphabet|Google|YouTube,,false,1652044
GPC,Genuine Parts Company,Consumer Discretionary,Genuine Parts|Genuine Parts Company,,false,40987
GPN,Global Payments,Financials,Global Payments,,false,1123360
GRMN,Garmin,Consumer Discretionary,Garmin,,false,1121788
GS,Goldman Sachs,Financials,Goldman|Goldman Sachs,,false,886982
GWW,W. W. Grainger,Industrials,W. W. Grainger,,false,277135
HAL,Halliburton,Energy,Halliburton,,false,45012
HAS,Hasbro,Consumer Discretionary,Hasbro,,false,46080
HBAN,Huntington Bancshares,Financials,Huntington Bancshares,,false,49196
HCA,HCA Healthcare,Health Care,HCA Healthcare,,false,860730
HD,Home Depot (The),Consumer Discretionary,Home Depot,,false,354950
HIG,Hartford (The),Financials,Hartford,Hartford,false,874766
HII,Huntington Ingalls Industries,Industrials,Huntington Ingalls Industries,,false,1501585
HLT,Hilton Worldwide,Consumer Discretionary,Hilton Worldwide,,false,1585689
HON,Honeywell Technologies,Industrials,Honeywell Technologies,,false,773840
HONA,Honeywell Aerospace,Industrials,Honeywell Aerospace,,false,2089271
HOOD,Robinhood Markets,Financials,Robinhood Markets,,false,1783879
HPE,Hewlett Packard Enterprise,Information Technology,Hewlett Packard Enterprise,,false,1645590
HPQ,HP Inc.,Information Technology,HP|HP Inc,HP,false,47217
HRL,Hormel Foods,Consumer Staples,Hormel Foods,,false,48465
HSIC,Henry Schein,Health Care,Henry Schein,,false,1000228
HST,Host Hotels & Resorts,Real Estate,Host Hotels & Resorts,,false,1070750
HSY,Hershey Company (The),Consumer Staples,Hershey|Hershey Company,,false,47111
HUBB,Hubbell Incorporated,Industrials,Hubbell|Hubbell Incorporated,,false,48898
HUM,Humana,Health Care,Humana,,false,49071
HWM,Howmet Aerospace,Industrials,Howmet Aerospace,,false,4281
IBKR,Interactive Brokers,Financials,Interactive Brokers,,false,1381197
IBM,IBM,Information Technology,IBM|International Business Machines,IBM,false,51143
ICE,Intercontinental Exchange,Financials,Intercontinental Exchange,,false,1571949
IDXX,Idexx Laboratories,Health Care,Idexx Laboratories,,false,874716
IEX,IDEX Corporation,Industrials,IDEX|IDEX Corporation,,false,832101
IFF,International Flavors & Fragrances,Materials,International Flavors & Fragrances,,false,51253
ILMN,"Illumina, Inc.",Health Care,"Illumina|Illumina, Inc",,false,1110803
INCY,Incyte,Health Care,Incyte,,false,879169
INTC,Intel,Information Technology,Intel,Intel,false,50863
INTU,Intuit,Information Technology,Intuit,,false,896878
INVH,Invitation Homes,Real Estate,Invitation Homes,,false,1687229
IP,International Paper,Materials,International Paper,,false,51434
IQV,IQVIA,Health Care,IQVIA,,false,1478242
IR,Ingersoll Rand,Industrials,Ingersoll Rand,,false,1699150
IRM,Iron Mountain,Real Estate,Iron Mountain,,false,1020569
ISRG,Intuitive Surgical,Health Care,Intuitive Surgical,,false,1035267
IT,Gartner,Information Technology,Gartner,,false,749251
ITW,Illinois Tool Works,Industrials,Illinois Tool Works,,false,49826
IVZ,Invesco,Financials,Invesco,,false,914208
J,Jacobs Solutions,Industrials,Jacobs Solutions,,false,52988
JBHT,J.B. Hunt,Industrials,J.B. Hunt,,false,728535
JBL,Jabil,Information Technology,Jabil,,false,898293
JCI,Johnson Controls,Industrials,Johnson Controls,,false,833444
JKHY,Jack Henry & Associates,Financials,Jack Henry & Associates,,false,779152
JNJ,Johnson & Johnson,Health Care,J&J|Johnson & Johnson,J&J,false,200406
JPM,JPMorgan Chase,Financials,Chase|JP Morgan|JPMorgan|JPMorgan Chase|JPMorgan Chase & Co,Chase,false,19617
KDP,Keurig Dr Pepper,Consumer Staples,Keurig Dr Pepper,,false,1418135
KEY,KeyCorp,Financials,KeyCorp,,false,91576
KEYS,Keysight Technologies,Information Technology,Keysight Technologies,,false,1601046
KHC,Kraft Heinz,Consumer Staples,Kraft Heinz,,false,1637459
KIM,Kimco Realty,Real Estate,Kimco Realty,,false,879101
KKR,KKR & Co.,Financials,KKR|KKR & Co,KKR,false,1404912
KLAC,KLA Corporation,Information Technology,KLA|KLA Corporation,KLA,false,319201
KMB,Kimberly-Clark,Consumer Staples,Kimberly-Clark,,false,55785
KMI,Kinder Morgan,Energy,Kinder Morgan,,false,1506307
KO,Coca-Cola Company (The),Consumer Staples,Coca-Cola|Coca-Cola Company|Coke,Coke,false,21344
KR,Kroger,Consumer Staples,Kroger,,false,56873
KVUE,Kenvue,Consumer Staples,Kenvue,,false,1944048
L,Loews Corporation,Financials,Loews|Loews Corporation,Loews,false,60086
LDOS,Leidos,Industrials,Leidos,,false,1336920
LEN,Lennar,Consumer Discretionary,Lennar,,false,920760
LH,Labcorp,Health Care,Labcorp,,false,920148
LHX,L3Harris,Industrials,L3Harris,,false,202058
LII,Lennox International,Industrials,Lennox International,,false,1069202
LIN,Linde plc,Materials,Linde|Linde plc,,false,1707925
LITE,Lumentum,Information Technology,Lumentum,,false,1633978
LITH,Lithium One Resources,Materials,Lithium 1|Lithium One|Lithium One Resources,,true,
LLY,Lilly (Eli),Health Care,Lilly,Lilly,false,59478
LMT,Lockheed Martin,Industrials,Lockheed|Lockheed Martin,,false,936468
LNT,Alliant Energy,Utilities,Alliant Energy,,false,352541
LOW,Lowe's,Consumer Discretionary,Lowe's|Lowes,,false,60667
LRCX,Lam Research,Information Technology,Lam Research,,false,707549
LULU,Lululemon Athletica,Consumer Discretionary,Lululemon Athletica,,false,1397187
LUV,Southwest Airlines,Industrials,Southwest Airlines,,false,92380
LVS,Las Vegas Sands,Consumer Discretionary,Las Vegas Sands,,false,1300514
LYB,LyondellBasell,Materials,LyondellBasell,,false,1489393
LYV,Live Nation Entertainment,Communication Services,Live Nation Entertainment,,false,1335258
MA,Mastercard,Financials,Mastercard,,false,1141391
MAA,Mid-America Apartment Communities,Real Estate,Mid-America Apartment Communities,,false,912595
MAR,Marriott International,Consumer Discretionary,Marriott International,,false,1048286
MAS,Masco,Industrials,Masco,Masco,false,62996
MCD,McDonald's,Consumer Discretionary,McDonald's|McDonalds,,false,63908
MCHP,Microchip Technology,Information Technology,Microchip Technology,,false,827054
MCK,McKesson Corporation,Health Care,McKesson|McKesson Corporation,,false,927653
MCO,Moody's Corporation,Financials,Moody's|Moody's Corporation,Moody's,false,1059556
MDLZ,Mondelez International,Consumer Staples,Mondelez International,,false,1103982
MDT,Medtronic,Health Care,Medtronic,,false,1613103
MEDX,Medix Diagnostics,Healthcare,Medix|Medix Diagnostics|Medix Lab,,true,
MET,MetLife,Financials,MetLife,,false,1099219
META,Meta Platforms,Communication Services,Facebook|Instagram|Meta Platforms|WhatsApp,,false,1326801
MFIN,Meridian Financial Group,Financials,Meridian Bank|Meridian Financial|Meridian Financial Group,,true,
MGM,MGM Resorts,Consumer Discretionary,MGM Resorts,,false,789570
MKC,McCormick & Company,Consumer Staples,McCormick &|McCormick & Company,,false,63754
MLM,Martin Marietta Materials,Materials,Martin Marietta Materials,,false,916076
MMM,3M,Industrials,3M,3M,false,66740
MNST,Monster Beverage,Consumer Staples,Monster Beverage,,false,865752
MO,Altria,Consumer Staples,Altria,,false,764180
MOS,Mosaic Company (The),Materials,Mosaic|Mosaic Company,Mosaic,false,1285785
MPC,Marathon Petroleum,Energy,Marathon Petroleum,,false,1510295
MPWR,Monolithic Power Systems,Information Technology,Monolithic Power Systems,,false,1280452
MRK,Merck & Co.,Health Care,Merck|Merck & Co,,false,310158
MRNA,Moderna,Health Care,Moderna,,false,1682852
MRSH,Marsh McLennan,Financials,Marsh McLennan,,false,62709
MRVL,Marvell Technology,Information Technology,Marvell Technology,,false,1835632
MS,Morgan Stanley,Financials,Morgan Stanley,,false,895421
MSCI,MSCI,Financials,MSCI,,false,1408198
MSFT,Microsoft,Information Technology,Microsoft|Microsoft Corp,,false,789019
MSI,Motorola Solutions,Information Technology,Motorola Solutions,,false,68505
MTB,M&T Bank,Financials,M&T Bank,,false,36270
MTD,Mettler Toledo,Health Care,Mettler Toledo,,false,1037646
MU,Micron Technology,Information Technology,Micron Technology,,false,723125
NCLH,Norwegian Cruise Line Holdings,Consumer Discretionary,Norwegian Cruise Line|Norwegian Cruise Line Holdings,,false,1513761
NDAQ,"Nasdaq, Inc.",Financials,"Nasdaq Inc|Nasdaq, Inc",,false,1120193
NDSN,Nordson Corporation,Industrials,Nordson|Nordson Corporation,,false,72331
NEE,NextEra Energy,Utilities,NextEra Energy,,false,753308
NEM,Newmont,Materials,Newmont,,false,1164727
NFLX,Netflix,Communication Services,Netflix,,false,1065280
NI,NiSource,Utilities,NiSource,,false,1111711
NKE,"Nike, Inc.",Consumer Discretionary,"Nike|Nike, Inc",,false,320187
NOC,Northrop Grumman,Industrials,Northrop Grumman,,false,1133421
NOW,ServiceNow,Information Technology,ServiceNow,,false,1373715
NRG,NRG Energy,Utilities,NRG Energy,,false,1013871
NSC,Norfolk Southern,Industrials,Norfolk Southern,,false,702165
NTAP,NetApp,Information Technology,NetApp,,false,1002047
NTRS,Northern Trust,Financials,Northern Trust,,false,73124
NUE,Nucor,Materials,Nucor,,false,73309
NVDA,Nvidia,Information Technology,NVIDIA|NVIDIA Corp|Nvidia,,false,1045810
NVR,"NVR, Inc.",Consumer Discretionary,"NVR|NVR, Inc",NVR,false,906163
NWS,News Corp (Class B),Communication Services,News Corp,,false,1564708
NWSA,News Corp (Class A),Communication Services,,,false,1564708
NXPI,NXP Semiconductors,Information Technology,NXP Semiconductors,,false,1413447
O,Realty Income,Real Estate,Realty Income,,false,726728
ODFL,Old Dominion,Industrials,Old Dominion,,false,878927
OKE,Oneok,Energy,Oneok,,false,1039684
OMC,Omnicom Group,Communication Services,Omnicom|Omnicom Group,,false,29989
OMNI,Omni Retail Group,Consumer Defensive,Omni Retail|Omni Retail Group|Omni Superstores,,true,
ON,ON Semiconductor,Information Technology,ON Semiconductor,,false,1097864
ORCL,Oracle Corporation,Information Technology,Oracle|Oracle Corporation,Oracle,false,1341439
ORLY,O'Reilly Automotive,Consumer Discretionary,O'Reilly Automotive,,false,898173
OTIS,Otis Worldwide,Industrials,Otis Worldwide,,false,1781335
OXY,Occidental Petroleum,Energy,Occidental Petroleum,,false,797468
P,Everpure,Information Technology,Everpure,,false,1474432
PANW,Palo Alto Networks,Information Technology,Palo Alto Networks,,false,1327567
PAYX,Paychex,Industrials,Paychex,,false,723531
PCAR,Paccar,Industrials,Paccar,,false,75362
PCG,PG&E Corporation,Utilities,PG&E|PG&E Corporation,,false,1004980
PEG,Public Service Enterprise Group,Utilities,Public Service Enterprise|Public Service Enterprise Group,,false,788784
PEP,PepsiCo,Consumer Staples,PepsiCo,,false,77476
PFE,Pfizer,Health Care,Pfizer,,false,78003
PFG,Principal Financial Group,Financials,Principal Financial|Principal Financial Group,,false,1126328
PG,Procter & Gamble,Consumer Staples,P&G|Procter & Gamble,P&G,false,80424
PGR,Progressive Corporation,Financials,Progressive|Progressive Corporation,,false,80661
PH,Parker Hannifin,Industrials,Parker Hannifin,,false,76334
PHM,PulteGroup,Consumer Discretionary,PulteGroup,,false,822416
PKG,Packaging Corporation of America,Materials,Packaging Corporation of America,,false,75677
PLD,Prologis,Real Estate,Prologis,,false,1045609
PLTR,Palantir Technologies,Information Technology,Palantir Technologies,,false,1321655
PM,Philip Morris International,Consumer Staples,Philip Morris International,,false,1413329
PNC,PNC Financial Services,Financials,PNC Financial Services,,false,713676
PNR,Pentair,Industrials,Pentair,,false,77360
PNW,Pinnacle West Capital,Utilities,Pinnacle West Capital,,false,764622
PODD,Insulet Corporation,Health Care,Insulet|Insulet Corporation,,false,1145197
PPG,PPG Industries,Materials,PPG Industries,,false,79879
PPL,PPL Corporation,Utilities,PPL|PPL Corporation,PPL,false,922224
PRU,Prudential Financial,Financials,Prudential Financial,,false,1137774
PSA,Public Storage,Real Estate,Public Storage,,false,1393311
PSX,Phillips 66,Energy,Phillips 66,,false,1534701
PTC,PTC Inc.,Information Technology,PTC|PTC Inc,PTC,false,857005
PTEL,Pacific Telecom,Communication Services,PacTel|Pacific Telecom,,true,
PWR,Quanta Services,Industrials,Quanta Services,,false,1050915
PYPL,PayPal,Financials,PayPal,,false,1633917
Q,Qnity Electronics,Information Technology,Qnity Electronics,,false,2058873
QCOM,Qualcomm,Information Technology,Qualcomm,,false,804328
QSEM,Quantum Semiconductor,Technology,Quantum Semi|Quantum Semiconductor|Quantum Semiconductor Inc,,true,
RCL,Royal Caribbean Group,Consumer Discretionary,Royal Caribbean|Royal Caribbean Group,,false,884887
RDDT,Reddit,Communication Services,Reddit,,false,1713445
REG,Regency Centers,Real Estate,Regency Centers,,false,910606
REGN,Regeneron Pharmaceuticals,Health Care,Regeneron Pharmaceuticals,,false,872589
RF,Regions Financial Corporation,Financials,Regions Financial|Regions Financial Corporation,,false,1281761
RJF,Raymond James Financial,Financials,Raymond James Financial,,false,720005
RL,Ralph Lauren Corporation,Consumer Discretionary,Ralph Lauren|Ralph Lauren Corporation,,false,1037038
RMD,ResMed|,Health Care,ResMed|,,false,943819
ROK,Rockwell Automation,Industrials,Rockwell Automation,,false,1024478
ROL,"Rollins, Inc.",Industrials,"Rollins|Rollins, Inc",,false,84839
ROP,Roper Technologies,Information Technology,Roper Technologies,,false,882835
ROST,Ross Stores,Consumer Discretionary,Ross Stores,,false,745732
RSG,Republic Services,Industrials,Republic Services,,false,1060391
RTX,RTX Corporation,Industrials,RTX|RTX Corporation,RTX,false,101829
RVTY,Revvity,Health Care,Revvity,,false,31791
SBAC,SBA Communications,Real Estate,SBA Communications,,false,1034054
SBUX,Starbucks,Consumer Discretionary,Starbucks,,false,829224
SCHW,Charles Schwab Corporation,Financials,Charles Schwab|Charles Schwab Corporation,,false,316709
SHW,Sherwin-Williams,Materials,Sherwin-Williams,,false,89800
SJM,J.M. Smucker Company (The),Consumer Staples,J.M. Smucker|J.M. Smucker Company,,false,91419
SKYD,Skydance Corporation,Communication Services,Skydance|Skydance Corporation,,false,2041610
SLB,Schlumberger,Energy,Schlumberger,,false,87347
SLEN,Starlight Energy,Energy,Starlight Energy|Starlight Power,,true,
SMCI,Supermicro,Information Technology,Supermicro,,false,1375365
SNA,Snap-on,Industrials,Snap-on,,false,91440
SNDK,Sandisk,Information Technology,Sandisk,,false,2023554
SNPS,Synopsys,Information Technology,Synopsys,,false,883241
SO,Southern Company,Utilities,Southern|Southern Company,Southern,false,92122
SOLV,Solventum,Health Care,Solventum,,false,1964738
SPG,Simon Property Group,Real Estate,Simon Property|Simon Property Group,,false,1063761
SPGI,S&P Global,Financials,S&P Global,,false,64040
SRE,Sempra,Utilities,Sempra,,false,1032208
STE,Steris,Health Care,Steris,,false,1757898
STLD,Steel Dynamics,Materials,Steel Dynamics,,false,1022671
STT,State Street Corporation,Financials,State Street|State Street Corporation,,false,93751
STX,Seagate Technology,Information Technology,Seagate Technology,,false,1137789
STZ,Constellation Brands,Consumer Staples,Constellation Brands,,false,16918
SW,Smurfit Westrock,Materials,Smurfit Westrock,,false,2005951
SWK,Stanley Black & Decker,Industrials,Stanley Black & Decker,,false,93556
SWKS,Skyworks Solutions,Information Technology,Skyworks Solutions,,false,4127
SYF,Synchrony Financial,Financials,Synchrony Financial,,false,1601712
SYK,Stryker Corporation,Health Care,Stryker|Stryker Corporation,,false,310764
SYY,Sysco,Consumer Staples,Sysco,,false,96021
T,AT&T,Communication Services,AT&T,,false,732717
TDG,TransDigm Group,Industrials,TransDigm|TransDigm Group,,false,1260221
TDY,Teledyne Technologies,Information Technology,Teledyne Technologies,,false,1094285
TECH,Bio-Techne,Health Care,Bio-Techne,,false,842023
TEL,TE Connectivity,Information Technology,TE Connectivity,,false,1385157
TER,Teradyne,Information Technology,Teradyne,,false,97210
TFC,Truist Financial,Financials,Truist Financial,,false,92230
TGT,Target Corporation,Consumer Staples,Target|Target Corporation,Target,false,27419
TJX,TJX Companies,Consumer Discretionary,TJX Companies,,false,109198
TKO,TKO Group Holdings,Communication Services,TKO|TKO Group Holdings,TKO,false,1973266
TMO,Thermo Fisher Scientific,Health Care,Thermo Fisher Scientific,,false,97745
TMUS,T-Mobile US,Communication Services,T-Mobile US,,false,1283699
TPL,Texas Pacific Land Corporation,Energy,Texas Pacific Land|Texas Pacific Land Corporation,,false,1811074
TPR,"Tapestry, Inc.",Consumer Discretionary,"Tapestry|Tapestry, Inc",,false,1116132
TRGP,Targa Resources,Energy,Targa Resources,,false,1389170
TRMB,Trimble Inc.,Information Technology,Trimble|Trimble Inc,,false,864749
TROW,T. Rowe Price,Financials,T. Rowe Price,,false,1113169
TRV,Travelers Companies (The),Financials,Travelers Companies,,false,86312
TSCO,Tractor Supply,Consumer Discretionary,Tractor Supply,,false,916365
TSLA,"Tesla, Inc.",Consumer Discretionary,"Tesla|Tesla Inc|Tesla, Inc",,false,1318605
TSN,Tyson Foods,Consumer Staples,Tyson Foods,,false,100493
TSTEL,Titan Steel Industries,Materials,Titan Mills|Titan Steel|Titan Steel Industries,,true,
TT,Trane Technologies,Industrials,Trane Technologies,,false,1466258
TTWO,Take-Two Interactive,Communication Services,Take-Two Interactive,,false,946581
TWLO,Twilio,Information Technology,Twilio,,false,1447669
TXN,Texas Instruments,Information Technology,Texas Instruments,,false,97476
TXT,Textron,Industrials,Textron,,false,217346
TYL,Tyler Technologies,Information Technology,Tyler Technologies,,false,860731
UAL,United Airlines Holdings,Industrials,United Airlines|United Airlines Holdings,,false,100517
UBER,Uber,Industrials,Uber,,false,1543151
UDR,"UDR, Inc.",Real Estate,"UDR|UDR, Inc",UDR,false,74208
UHS,Universal Health Services,Health Care,Universal Health Services,,false,352915
ULTA,Ulta Beauty,Consumer Discretionary,Ulta Beauty,,false,1403568
UNH,UnitedHealth Group,Health Care,UnitedHealth|UnitedHealth Group,,false,731766
UNP,Union Pacific Corporation,Industrials,Union Pacific|Union Pacific Corporation,,false,100885
UPS,United Parcel Service,Industrials,UPS|United Parcel Service,UPS,false,1090727
URI,United Rentals,Industrials,United Rentals,,false,1067701
USB,U.S. Bancorp,Financials,U.S. Bancorp,,false,36104
V,Visa Inc.,Financials,Visa|Visa Inc,Visa,false,1403161
VAUTO,Vanguard Auto,Consumer Cyclical,Vanguard Auto|Vanguard Motors,,true,
VEEV,Veeva Systems,Health Care,Veeva Systems,,false,1393052
VICI,Vici Properties,Real Estate,Vici Properties,,false,1705696
VLO,Valero Energy,Energy,Valero Energy,,false,1035002
VLTO,Veralto,Industrials,Veralto,,false,1967680
VMC,Vulcan Materials Company,Materials,Vulcan Materials|Vulcan Materials Company,,false,1396009
VMRK,Vivmark Residential,Real Estate,Vivmark Residential,,false,906107
VRSK,Verisk Analytics,Industrials,Verisk Analytics,,false,1442145
VRSN,Verisign,Information Technology,Verisign,,false,1014473
VRT,Vertiv,Industrials,Vertiv,,false,1674101
VRTX,Vertex Pharmaceuticals,Health Care,Vertex Pharmaceuticals,,false,875320
VST,Vistra Corp.,Utilities,Vistra|Vistra Corp,,false,1692819
VTR,Ventas,Real Estate,Ventas,,false,740260
VTRS,Viatris,Health Care,Viatris,,false,1792044
VYLR,Vylor,Consumer Staples,Vylor,,false,2128626
VZ,Verizon,Communication Services,Verizon,,false,732712
WAB,Wabtec,Industrials,Wabtec,,false,943452
WAT,Waters Corporation,Health Care,Waters|Waters Corporation,Waters,false,1000697
WDAY,"Workday, Inc.",Information Technology,"Workday|Workday, Inc",,false,1327811
WDC,Western Digital,Information Technology,Western Digital,,false,106040
WEC,WEC Energy Group,Utilities,WEC Energy|WEC Energy Group,,false,783325
WELL,Welltower,Real Estate,Welltower,,false,766704
WFC,Wells Fargo,Financials,Wells Fargo,,false,72971
WM,Waste Management,Industrials,Waste Management,,false,823768
WMB,Williams Companies,Energy,Williams Companies,,false,107263
WMT,Walmart,Consumer Staples,Walmart,,false,104169
WRB,W. R. Berkley Corporation,Financials,W. R. Berkley|W. R. Berkley Corporation,,false,11544
WSM,"Williams-Sonoma, Inc.",Consumer Discretionary,"Williams-Sonoma|Williams-Sonoma, Inc",,false,719955
WST,West Pharmaceutical Services,Health Care,West Pharmaceutical Services,,false,105770
WTW,Willis Towers Watson,Financials,Willis Towers Watson,,false,1140536
WY,Weyerhaeuser,Real Estate,Weyerhaeuser,,false,106535
WYNN,Wynn Resorts,Consumer Discretionary,Wynn Resorts,,false,1174922
XEL,Xcel Energy,Utilities,Xcel Energy,,false,72903
XOM,ExxonMobil,Energy,Exxon|Exxon Mobil|ExxonMobil,,false,2115436
XYL,Xylem Inc.,Industrials,Xylem|Xylem Inc,,false,1524472
XYZ,"Block, Inc.",Financials,"Block|Block, Inc",Block,false,1512673
YUM,Yum! Brands,Consumer Discretionary,Yum! Brands,,false,1041061
ZBH,Zimmer Biomet,Health Care,Zimmer Biomet,,false,1136869
ZBRA,Zebra Technologies,Information Technology,Zebra Technologies,,false,877212
ZTS,Zoetis,Health Care,Zoetis,,false,1555280
