record_id,label,text
pb-19eab1c1e514,negative,The company decided at the end of 2008 to temporarily shut down its ammonia plant in Billingham and extend the maintenance period at its Ince facility .
pb-3b961afd5df0,negative,down to EUR5 .9 m H1 '09 3 August 2009 - Finnish media group Ilkka-Yhtyma Oyj ( HEL : ILK2S ) said today its net profit fell 45 % on the year to EUR5 .9 m in the first half of 2009 .
pb-ff60ae78d0c2,negative,"The steelmaker said that the drop in profit was explained by the continuing economic uncertainty , mixed with the current drought in bank lending , resulting in a decline in demand for its products as customers find it increasingly difficult to fund operations ."
pb-541b480f094a,negative,Finland-based Stockmann Group has closed seven franchising sports stores Nike in Russia .
pb-88321ca0ee02,negative,"Operating loss before non-recurring items was EUR 0.9 mn , compared to a profit of EUR 11.5 mn in 2008 ."
pb-1e6a267a5e4b,negative,A high court in Finland has fined seven local asphalt companies more than   lion ( $ 117 million ) for operating a cartel .
pb-43a50b5e3258,negative,"( ADPnews ) - Feb 3 , 2010 - Finland-based steel maker Rautaruukki Oyj ( HEL : RTRKS ) , or Ruukki , said today it slipped to a larger-than-expected pretax loss of EUR 46 million ( USD 64.5 m ) in the fourth quarter of 2009 from a"
pb-1c31d7c59082,negative,Net profit fell by almost half to +â 5.5 million from +â 9.4 million at the end of 2007 .
pb-f53cb45b1d75,negative,"In Finland , Sampo Bank , now part of the Danske Bank group , will lay off staff from the administrative and support functions ."
pb-4e0f412b2951,negative,"YIT lodged counter claims against Neste Oil totaling some EUR25m , primarily based on work carried out under the contract and additional costs incurred due to prolongation of the project ."
pb-710512c3684f,negative,"Shares in Royal and Sun Alliance continued to slide back from a 12-month high of 172p last month , after a potential suitor ruled itself out of a takeover bid ."
pb-05ea76b06d20,negative,"Net sales for the financial year 2006 are expected to amount to about EUR20m and the operating result EBIT is expected to be a loss , as announced before ."
pb-27d871f391fa,negative,"Paper stocks were among the biggest fallers , with Stora Enso down 2.30 pct to 14.01 eur , M-real down 2.86 pct to 5.09 eur and UPM-Kymmene 1.14 pct lower at 19.10 eur ."
pb-b94a5953e19e,negative,"In Finland 's Hobby Hall 's sales decreased by 10 % , and international sales fell by 19 % ."
pb-e0375422f0fc,negative,"The Baltimore Police and Fire Pension , which has about $ 1.5 billion , lost about $ 3.5 million in Madoff Ponzi scheme ."
pb-3fe861f31325,negative,"Last year , UPM cut production , closed mills in Finland and slashed 700 jobs ."
pb-4d3de3b6f674,negative,The Elcoteq group recently announced that the last three months of the previous year brought to it a major loss of more than half a billion kroons ( EUR 32 mln ) for the fifth quarter running .
pb-d513934566d0,negative,"Antti Orkola , president of Kemira GrowHow 's Industrial Solutions unit , told Thomson Financial News the company has put off opening the mine as prices of phosphate have been ` quite depressed for a long time ' . '"
pb-3ee87f6b167a,negative,"Operating result showed a loss of EUR 2.9 mn , while a year before , it showed a profit of EUR 0.6 mn ."
pb-c777bc8115a2,negative,"As a result of the negotiations , the company will terminate total 5 employment contracts ."
pb-7afa8b7b4763,negative,"Compared with the FTSE 100 index , which rose 36.7 points ( or 0.6 % ) on the day , this was a relative price change of -0.2 % ."
pb-542fe65be4b2,negative,Altogether Finnair has canceled over 500 flights because of the strike .
pb-3c31adaefd35,negative,"Operating profit totalled EUR 9.0 mn , down from EUR 9.7 mn in the first half of 2008 ."
pb-edeb32765063,negative,LONDON MarketWatch -- Share prices ended lower in London Monday as a rebound in bank stocks failed to offset broader weakness for the FTSE 100 .
pb-479183f30f07,negative,"Samsung currently occupies third place and lost ground during the quarter , dropping by 1.8 % to an 11.1 % share overall ."
pb-77fd37c2a4a8,negative,Reported operating margin was a negative 5.9 % .
pb-cd582df2d350,negative,Benefon 's target is to lay off temporarily of permanently up to 20 % of the Salo plant 's staff .
pb-5a4ea36f4ffb,negative,Earnings per share ( EPS ) amounted to a loss of EUR0 .38 .
pb-5465caa266f4,negative,"The announcement pushed Freenet shares down 6.3 % , or EUR0 .71 , in Frankfurt trade to EUR10 .65 as investors gave up hope United Internet AG and Drillisch would pursue their own takeover and breakup of Freenet ."
pb-710eb649858c,negative,"Cargo traffic fell 1 % year-on-year to 8,561 tonnes in September 2009 ."
pb-fd2324bc8f66,negative,"HELSINKI Thomson Financial - Shares in Cargotec fell sharply in early afternoon trade after the cargo handling group posted a surprise drop in April-June profits , which overshadowed the large number of new orders received during the three months ."
pb-5e18e51094dd,negative,"Publishing Sweden 's operating loss was EUR 1.1 mn in Q1 of 2009 , compared to a profit of EUR 0.6 mn a year ago ."
pb-3cf89625e51d,negative,"Also the city 's insurance company , If P & C Insurance , has said it will not pay compensation ."
pb-8eea6ca4f0be,negative,"In Finland , snow storms brought trees down on power lines , cutting off electricity for some 2,000 households ."
pb-8a152813c31c,negative,The real estate company posted a net loss of +  x201a -õ 59.3 million +  x201a -õ 0.21 per share compared with a net profit of +  x201a -õ 31 million +  x201a -õ 0.11 per share for the corresponding quarter of 2007 .
pb-82e215d80f9e,negative,Finnish business software group AffectoGenimap Oyj said its net profit halved to 1.2 mln euro ( $ 1.5 mln ) in the first nine months of 2006 from 2.2 mln euro ( $ 2.8 mln ) in the same period of 2005 .
pb-15e95872e4e5,negative,"Cencorp 's net sales in the first quarter is estimated to be EUR0.9-1 .2 m , as compared to EUR4 .5 m in the first quarter 2008 ."
pb-91881567868a,negative,"However , the net sales declined to EUR 803.6 million from EUR 1.2 billion ."
pb-3610e259631e,negative,"Coca-Cola was the market leader of manufacturers with a market share of 36.9 % , down 2.2 % from the corresponding period in 2004-2005 ."
pb-646763fd3f1a,negative,Finnair said that the cancellation of flights would cause daily losses of  x20ac 2.5 million US$ 3 million .
pb-fe2e60be8235,negative,"YIT 's Baltic sales in the first three quarters of 2008 totaled 106.2 million euros , representing a drop of 29 percent year on year ."
pb-1f6bc4e1e93c,negative,Salonen added that data shows producers ' pulp inventories in North America are declining . '
pb-57d28a2c4afc,negative,Commission income fell to EUR 4.6 mn from EUR 5.1 mn in the corresponding period in 2007 .
pb-81085e8a0190,negative,Bosse added that Trygvesta does not have the financial strength to acquire the entire unit .
pb-b7f5b72726ad,negative,"The company 's profit before taxes fell to EUR 21.1 mn in the third quarter of 2008 , compared to EUR 35.8 mn in the corresponding period in 2007 ."
pb-ad6a63ac8a92,negative,"Operating profit margin was 8.3 % , compared to 11.8 % a year earlier ."
pb-b8e2f9ce78ed,negative,"The Finnish national carrier said net loss in April through June was euro26 million , down from a net profit of euro13 million a year earlier ."
pb-aa9b32d75357,negative,"Biohit said that it will reduce the number of leased personnel by 10 , and lay off 10 of its own personnel ."
pb-5800ebe4a2c9,negative,Danish company FLSmidth has acknowledged that it has violated a patent held by Finnish Metso .
pb-396b57cdf528,negative,The administrators have indicated a need for 900 job cuts at the Irish insurer over the next 15 months .
pb-099a108df6a2,negative,They are also upset that some of the machinery and work is taken over to Poland .
pb-a970e982542a,negative,"Tornio Works employs 2,300 of whom more than 1,800 have been in the scope of the fixed-period or part-time temporary layoffs in April-October period ."
pb-1fb1987277df,negative,18 March 2010 A leakage in the gypsum pond was detected today at the Talvivaara mine .
pb-d6c4b05128d6,negative,"However , the orders received during the period under review fell by 17 % quarter-on-quarter from the EUR 213 million recorded in the second quarter of 2010 ."
pb-31ee0eba8101,negative,"Operating profits in the half were  0.8 m , down from  0.9 m as Glisten invested in the brand and the management team ."
pb-916cfad5047d,negative,"In Q1 of 2009 , Bank of +_land 's net interest income weakened by 10 % to EUR 9.1 mn ."
pb-d00f075b416c,negative,"Finnish Suominen Flexible Packaging is cutting 48 jobs in its unit in Tampere and two in Nastola , in Finland ."
pb-e766d09766e1,negative,Rivals say Qualcomm has fewer patents on 3G phones than on earlier versions and should lower its rates .
pb-5ba957cbf739,negative,Earnings per share were at loss of EUR0 .24 .
pb-c6a44fdf9bfd,negative,"So far Norwegian Norske Skog has reduced the staff levels by 1,000 people and plans to reduce production by 200,000 tons in 2008 , while Finnish-Swedish Stora Enso is to cut staff by 1,700 people and production by 500,000 tons ."
pb-f9d79a1ef768,negative,55 workers in +_m+_l will be affected by the close-down .
pb-122f3137d2ae,negative,"Finnish textiles and clothing group Marimekko Oyj posted a net profit of 7.99 mln euro $ 10.4 mln for 2006 , compared to 8.4 mln euro $ 10.9 mln for 2005 ."
pb-e0ccaad4091a,negative,"Net sales of the Paper segment decreased to EUR 221.6 mn in the second quarter of 2009 from EUR 241.1 mn in the second quarter of 2008 , while operating profit excluding non-recurring items rose to EUR 8.0 mn from EUR 7.6 mn ."
pb-94da31ef695e,negative,"Operating profit totalled EUR 9.6 mn , down from EUR 42.0 mn the year before ."
pb-675564940356,negative,"Profit for the period totalled EUR 1.1 mn , down from EUR 1.6 mn in the third quarter of 2008 ."
pb-102a07b834d5,negative,"According to Aktia Asset Management , Finnish analysts ' forecasts for 2009 are still too high ."
pb-a114a89d942a,negative,"In the building and home improvement trade , sales decreased by 22.5 % to EUR 201.4 mn ."
pb-1a9cb5f1d91f,negative,Finnish metal products company Componenta Oyj net profit went slightly down to 25.1 mln euro ( $ 40.2 mln ) for the first half of 2008 from 25.4 mln euro ( $ 40.7 mln ) for the same period of 2007 .
pb-ef8b158eb045,negative,"Additionally , the company will terminate a maximum nine salaried and senior salaried employees ' employment contracts ."
pb-ac60c6c3b78e,negative,"The OMX Helsinki 25 ended 0.47 pct lower at 3,150.55 and the OMX Helsinki was down 0.21 pct at 10,736.42 on 1.523 bln eur turnover ."
pb-7b05c307b52a,negative,"Many of the commercial vessels had got stuck in the narrow Bay of Bothnia , where the ice is thicker , and around the Aaland islands ."
pb-b54544eb6a36,negative,Peer Peugeot fell 0.81 pct as its sales rose only 6.3 pct from the same period last year .
pb-57baacb37735,negative,"Revenue for the quarter totaled 27.4 billion , down 2 percent from 28.1 billion in the fourth quarter in 2008 ."
pb-a9e51e542f86,negative,Ruukki Group calculates that it has lost EUR 4mn in the failed project .
pb-6272dae7b1b2,negative,"Finnish electronics contract manufacturer Scanfil reports net sales of EUR 241.2 mn in 2006 , down from EUR 321.6 mn in 2005 ."
pb-02d265765f77,neutral,The mill is concentrating on getting the supercalendered line running satisfactorily before restarting its older newsprint line .
pb-2db31b45f2c9,neutral,Wellness services will be important in the future .
pb-a873b5ce6922,neutral,"After completion of the acquisition , Poyry 's oil and gas expertise will cover multi-discipline engineering and consulting services across the complete oil and gas asset lifecycle , including deepwater engineering services ."
pb-f1c938433397,neutral,The results will enable the preparation of a conceptual plant design and capital estimates .
pb-e47c1badc4ce,neutral,Earnings per share EPS in 2005 amounted to a loss of EUR1 .26 .
pb-afe1c4735402,neutral,We are now taking Marimekko there on a distinctly more significant scale .
pb-0fc478a65b6f,neutral,Its market share is 6 percent according to AC Nielsen 's 2008 data .
pb-8b10be887900,neutral,"TeliaSonera s subsidiary , the mobile operator EMT in Estonia , has created a world s first mobile identification service which makes it possible to vote via a mobile phone ."
pb-2130f42c8eac,neutral,The company is studying the feasibility of focusing most of its processed meat production in the Vantaa facilities and the processing of fresh meat in the Forssa facilities .
pb-5a34553c990d,neutral,A. Le Coq had a market share of 41.3 percent and rival beverage group Saku 32.1 percent .
pb-5ccc8d59aed9,neutral,"Metsaliitto will sell 1.1 million B shares of Neomarkka , accounting for about 18.3 pct of Neomarkka 's equity and about 12.7 pct of the voting rights ."
pb-ca8e7c06cfc8,neutral,Coffee will be served starting at 14:30 EET as well as after the event .
pb-3dc61b425844,neutral,Investments are not disclosed .
pb-ede048fb619d,neutral,UPM-Kymmene said its has ` not indicated any interest in any domestic consolidations ' .
pb-c14af0ed6830,neutral,"May 29 , 2010 ( CompaniesandMarkets.com delivered by Newstex ) -- This report provides key data and information on the meat , fish and poultry market in Finland ."
pb-c79c46eed0e4,neutral,The Company said that previously EB delivered a custom solution for LG Electronics and now is making it commercially available for other mobile terminal vendors as well as to wireless operators .
pb-f5576d9376cf,neutral,"Previously , Grimaldi held a 46.43 pct stake in the Finnish company following the takeover bid launched in November 2006 ."
pb-04a1ddbfeab6,neutral,Finnish consumers prefer to buy the cheapest beer brand .
pb-8d55a1ae3f5d,neutral,"The subsidiary will be responsible for filter sales , local assembly of filters and after market services in China ."
pb-5a4dfa0e41bd,neutral,Rautaruukki aims to find work from the group 's other locations for those who have been made redundant .
pb-dc6dda7df8c8,neutral,"UPM is the biggest producer of magazine paper in Europe , with a market share of over 30 pct , and it is likely to say that prices in the segment were at best flat during the quarter , analysts said ."
pb-6ba6e7eeffb2,neutral,"As a condition to the deal , Savcor Alfa has to have bought Photonium and Akseli Lahtinen Inc. 's business operations prior to the deal ."
pb-77ee763539bd,neutral,"Prothious Engineering ( www.prothious.com ) employs more than 1,000 and has a large portfolio of projects and an annual detailing capacity of more than 100,000 tonnes ."
pb-54f77accb0be,neutral,Tracker G400 is a GPS collar for hunting dogs allowing to monitor the dog 's position and movements with a map application for mobile phones .
pb-0e6c258c0d9a,neutral,"The other actions include the cutting of the expensive weekend shifts , the freezing of the production bonus system and by a general cost-cutting program ."
pb-016b5025eb76,neutral,Terms were not disclosed .
pb-395423e3e27b,neutral,"LONDON AFX - UK and European brokers ' recommendations issued today , as collated by AFX News from a range of market sources ."
pb-d51c7e1895da,neutral,"The businesses to be divested offer dairy , edible fats , ready-meal and ice-cream packaging to multinational and local customers ."
pb-5644f1a71a08,neutral,Why not give your bedroom a cool makeover for summer .
pb-15a51756ad0e,neutral,"Reporting in accordance with the merged business operations will start as of January 1 , 2011 ."
pb-4a748fa688ed,neutral,Export accounts for about one tenth of the company 's annual turnover of one billion kroons .
pb-4670be90f062,neutral,"LCS 's services cover the whole life cycle of software and information systems , from process modelling and tailored software development , to hosting services , solution management , maintenance and support ."
pb-3e551d2bae7d,neutral,The company also said that it will sell approximately 150 hectares of land to the city of Valkeakoski by the end of the year a part of its `` From job to job '' program .
pb-4e87bc1219c1,neutral,"The Russian gas giant invested another 46 million litas in the company in late 2004 and now owns 99.5 percent of its stock capital , which amounts to 86.936 million litas ."
pb-f7316c2ccba3,neutral,Ms Laakso will be responsible for HKScan 's HR functions and for their development in all of the Group ` smarket areas .
pb-dad5cd101b5c,neutral,The company said shareholders will be able to vote on the agreement at an EGM scheduled for later this month .
pb-d364c52eb40a,neutral,COPYRIGHT AFX News and AFX Financial News Logo are registered trademarks of AFX News Limited
pb-210c284b7163,neutral,"Cramo Plc is a service company specialising in construction machinery and equipment rental and rental-related services , as well as rental and sale of modular space ."
pb-fe82ce8f11bd,neutral,"The biggest sellers in the chain 's supermarkets in Finland are organic Pirkka tomatoes , carrots , eggs , and meat products ."
pb-377ffa834dd6,neutral,Ulefos Group is the leading supplier of manhole covers in the Nordic countries .
pb-853dbf4665fb,neutral,"Under the deal , Know IT will pay SEK90m ( USD12 .8 m-EUR8 .6 m ) in cash and stock ."
pb-2a99eccf6072,neutral,"The most interesting export markets will be Russia , the Baltic countries and Scandinavia ."
pb-670f198ac9c1,neutral,Protalix is developing genetically engineered proteins from plant cells .
pb-5fe9709e60e7,neutral,These savings will have full impact as of the beginning of 2007 .
pb-96b56105a966,neutral,Solidium now holds 5.0 per cent of the shares Solidium Oy has acquired 5.0 per cent of the shares in Tieto Corporation for approximately EUR 58 million .
pb-ae176a727baa,neutral,"The building owner and developer , Sun Hung Kai Properties Group , is one of the largest property companies in Hong Kong , developing all types of premium residential and commercial projects for sale and investment ."
pb-68fb7b0a3fcf,neutral,Together they generate Aspo 's goodwill .
pb-d2f21c1f05ff,neutral,"The company has the poser , who wants to impress people with the latest handset ."
pb-09807082fd39,neutral,The studies are expected to start in 2008 .
pb-b775d31acb7b,neutral,Finnish Civil Aviation Administration decided to temporarily reopen Finnish capital 's Helsinki airport since 3 p.m. to 11 p.m. Monday local time .
pb-59051675e5af,neutral,"Presentation materials will be posted on the company 's website : www.seahawkdrilling.com in the `` Investor Relations '' section , on the `` Webcast & Presentations '' tab ."
pb-bbd95c6b4985,neutral,Connectivity Services include outsourced Scan and Capture which transfers paper invoices into electronic format and Basware Business Transactions Service enables the customer to receive and send invoices in an electronic format .
pb-5970a549000b,neutral,SSH Establishes New Global Sales and Marketing Group to be led by George Adams ; Adams Establishes Global Sales and Marketing Group to Drive Worldwide Programs Supporting SSH Tectia Enterprise Security Solutions
pb-db739a2974cf,neutral,"Cargotec 's share capital after the increase totals 64,046,460 euros ."
pb-bb00c243716e,neutral,"Finland 's Technopolis is planning to bring the first section of a technopark on stream in St. Petersburg at the end of 2008 , Kari Mikkonen , vice president of Technopolis , told reporters in Helsinki ."
pb-2682e5deec2f,neutral,"Addus ' services include personal care and assistance with activities of daily living , skilled nursing and rehabilitative therapies , and adult day care ."
pb-5f4dacffe63c,neutral,"Yara Suomi Ltd also provides nitrogen chemicals and technical nitrates to various sectors of industry , as well as products used in environmental protection ."
pb-7599d84f82cd,neutral,"So far as is known , he did not sell shares that he owns personally ."
pb-0b2719a20f72,neutral,"Poyry 's contract includes engineering management , civil and detail engineering services , and time scheduling and procurement services ."
pb-e664ac1870a8,neutral,"In Asia earlier , Japan 's Nikkei index fell 0.62 percent and Hong Kong 's Hang Seng Index rose 0.56 percent ."
pb-164b349a71b7,neutral,"The 19,200-square metre technology center is located near University of Tampere in central Tampere ."
pb-198f1603a4b2,neutral,"However , two of the previously ordered sets will start producing electricity at the end of October 2010 , it said ."
pb-aab241ce46ad,neutral,The smaller molecules improve the grip of the tyre at top-speed driving .
pb-61ac8764e073,neutral,Neste Shipping is the most likely to remain Finnish as the oil sector and its transports are significant for emergency supply .
pb-16ddc888b04f,neutral,Lieksaare Oy has earlier been regarded under the control of Saarelainen Oy and the individual shareholders under the shareholder agreement .
pb-d54a0f18ae34,neutral,"The gross area of eight houses will be 12,167 m2 ."
pb-46974db58258,neutral,Incap estimates it will generate a revenue of 10 mln euro ( $ 13.2 mln ) from its Indian operations for 2007 .
pb-7969d8c6528c,neutral,The energy sector accounted for approximately 33 % and the steel industry for about 57 % of the transportation volume .
pb-dd9be774781c,neutral,"Kaupthing forecasts that Finnish-Swedish Stora Enso will close its mill in Reisholz , in Germany ."
pb-bc7c67264dac,neutral,Stora is due to release its fourth-quarter and 2009 full-year earnings on Feb. 4 .
pb-c077a72ac987,neutral,"Olvi 's target is to strengthen its market share in soft drinks , mineral waters , ciders , long drinks , and energy drinks ."
pb-f68354ffb6a4,neutral,"s NASDAQ OMX : GEO1V , GyPSii business unit , developers of the award-winning GyPSii mobile social networking application , today announced its availability as a free download via the Samsung Mobile Applications Store ."
pb-80acfce8dfaf,neutral,"Karachi , Sept. 14 -- Ixonos , a world leader in the development and integration of solutions for handheld devices , announced that it is implementing a touch screen mobile user interface solution for the Intel Atom processor Z6xx based smartphones ."
pb-2ebe2b7f3433,neutral,"ALEXANDRIA , Va. , March 28 -- Pertti Salmi and Hanna Vuolteenaho , both of Oulu , Finland , and Sami Viitasaari of Ii , Finland , have developed an ornamental design for a handset , the U.S. Patent & Trademark Office announced ."
pb-d220dcc4e485,neutral,Two of these contracts are for turntable anode vibrocompactors that will be delivered to Gansu Hualu Aluminum Co Ltd and another unnamed costumer .
pb-3c209d334d8d,neutral,Ingen is an established medical device manufacturer with an emerging new medical product line for the respiratory market worth an estimated $ 4 billion in the U.S. and $ 8 billion globally .
pb-e3aa6f0ed972,neutral,Finnish food company Raisio Oyj HEL : RAIVV said on Friday it has wrapped up the divestment of its margarine operations to US sector player Bunge Ltd NYSE : BG for EUR80m USD119 .2 m .
pb-dd4178e68e7a,neutral,"The NTSB said investigators are set to conduct sight distance tests on July 18 , using trains similar to those involved in the accident ."
pb-ac5a67b1d20f,neutral,"The maximum obligated total trades per day is ISK 400,000,000 market value ."
pb-fad15eb460a5,neutral,"Vehvilainen , who is currently the chief operating officer at Nokia Siemens Networks , will join Finnair on 5 January 2010 and take over as CEO effective 1 February 2010 ."
pb-33e0510bc32d,neutral,R&D Loan ) .
pb-937c9079f2be,neutral,"A replay will be available until 27 October 2006 in the following numbers : US callers : +1 617-£801-£6888 , non-US callers : +44 20 7365 8427 , access code : 2659 5401 ."
pb-fd63d4a87561,neutral,"So Mr. Galvan made savings adjustments of his own , buying less liquor and watching portion sizes ."
pb-8ffd67a395e3,neutral,` The investment in Matka-Vekka has been reasonable for investors in CapMan funds . '
pb-e7f17275d232,neutral,Finnish component supplier Componenta Corporation OMX Helsinki : CTH1V said on Monday 16 June that it is changing its pricing cycle due to the increase of raw material prices .
pb-3bb9d88d2527,neutral,"Jensen , Njastein and Mike Critch , the head of Dovre North America business unit , will report to Toivola ."
pb-ae7f9ee8a2e4,neutral,The estimated annual value of the frame agreement is about EUR 50mn .
pb-7117bf647d54,neutral,"Finnish investor Scanfil Oyj ( HEL : SCF1V ) said last Friday it has bought 57 million shares , or 32.96 % , in Norwegian contract electronics manufacturer Kitron ASA ( OSL : KIT ) for NOK 143.9 million ( USD 24.4 m-EUR 18.1 m ) ."
pb-3dfdb72d1f55,neutral,The tool is a patent pending design that allows consumers to lay out their entire project on a removable plate using multiple clear stamps of any kind .
pb-d0741bc291b4,neutral,At CapMan Haavisto will be responsible for Group Finances and Accounting and IT .
pb-bd14c324763e,neutral,The adjustment measures will be carried out in phases to secure the delivery capability .
pb-5eb0e37c27cd,neutral,"Vaisala , headquartered in Helsinki in Finland , develops and manufactures electronic measurement systems for meteorology , environmental sciences , traffic and industry ."
pb-b251e596e550,neutral,"`` EB Tough VoIP was designed to fulfill the communications needs of military units , and we continue to strive towards achieving that goal , '' Mikko Viitaniemi , EB Elektrobit Defense Products , Wireless Solutions senior manager , said in a statement ."
pb-b8191ef9a4d7,neutral,"Simultaneously , Alma Media has purchased a 35 % share of Arena Interactive , a subsidiary of Arena Partners with a focus on mobile solutions development ."
pb-4b54df0eee22,neutral,"Rohwedder Group is an automotive supplies , telecommunications and electronics industry provider for customers in Europe , North America and Asia ."
pb-e626788c4e38,neutral,"In 2006 , 452 million tonnes CO2 of EUA ( EU Allowance ; emissions credit in EU ) was traded with an underlying market value approx ."
pb-229a984574eb,neutral,The company 's share is listed in the Mid Cap segment of the NASDAQ OMX Helsinki .
pb-7d2f405d0848,neutral,"The market value of one crane is some USD6m , reported the Finnish news agency STT ."
pb-01417a296e9a,neutral,The company supports its global customers in developing new technologies and offers a fast route from product development to applications and volume production .
pb-9a4fde7e7930,neutral,The reductions will be concluded by autumn 2010 .
pb-f0ba392a199b,neutral,"According to Barclays , the F-Secure software will protect users from hackers , viruses , spyware and other digital attacks ."
pb-d06b1332dc0d,neutral,Kershaw takes up the position with immediate effect from her previous role as marketing manager of Sankey Home & Garden Products .
pb-466212c25be9,neutral,"The second variant offers complete final finishing of any selected apartment with foreign high quality materials ( Finland , Denmark , Germany , France ) ."
pb-2014a921cbf8,neutral,The sale of the food potato business is part of Raisio 's plan to streamline and clarify its business operations .
pb-2688e262f3cb,neutral,"In future , the plant will focus on the production of flange profiles for wind farm towers ."
pb-a37bc96b6261,neutral,"Unbelievably , the company that makes them - Fiskars Corporation - was formed in 1649 when a Dutch merchant named Peter Thorwoste was given a charter to establish a blast furnace and forging operation in the small Finnish village of Fiskars ."
pb-461a9c140026,neutral,"The latest result included per-share charges of 5 cents for stock compensation , 1 cent for research and development and 1 cent for strategic investments ."
pb-9bc96970d9eb,neutral,"`` We hope to clarify our policies to Finnish businesses where there are any gray areas , '' Motlanthe said ."
pb-36d288e7698d,neutral,"The company said that the operations will be sold to a newly established company , CPS GmbH , where the present management of the plastics business is a co-owner ."
pb-88be2919bc26,neutral,"LKAB , headquartered in Lulea , Sweden , is a high-tech mining company producing upgraded iron ore products for the steel industry ."
pb-6408281ba165,neutral,"Under the agreement , Pfizer has been funding Biotie 's research activities on the PDE10 phosphodiesterase 10 inhibitor program since its start in late 2006 and has the sole authority to develop discovered compounds ."
pb-1164dae9a186,neutral,"Glaston 's share GLA1V is listed on the NASDAQ OMX Helsinki , Mid Cap List ."
pb-f75a0ecef0e2,neutral,Proline Plus is a mechanical liquid handling device with a robust design suitable for all types of applications .
pb-69e24debcbe4,neutral,Finnlines said that the deal is part of its strategy to focus on its core businesses .
pb-bfce4f33b2b6,neutral,These module products will be available for trials during 3Q-07 and for volume deliveries during 4Q-07 .
pb-338e66639f69,neutral,"Swedish telco TeliaSonera is teaming up with Friends , a Swedish organization against bullying , to fight bullying of children and teenagers via electronic channels ."
pb-eb7565970604,neutral,"Its annual capacity is some 10,000 MW ."
pb-921a5a1d1f65,neutral,"Koduextra is operating a retail chain of 11 stores , controlled by Finnish Non-Food Center KY , Rukax OY , and Scan-Tukka OY ."
pb-f430066c1955,neutral,Shuweihat 2 got under way in July 2008 when the project was awarded to desalination and power contractors .
pb-5b6436bca7b1,neutral,The enterprise value of Maritim Food AS has been determined as approximately EUR15m .
pb-92a0585474e2,neutral,The company said that it has agreed to a EUR160m unsecured credit line from lenders .
pb-24b1bed26389,neutral,"Participants at any of the book discussions or other special events , or visitors to the car dealership were eligible to enter the drawing for the 2005 silver , four-door Altima ."
pb-c8de3c4d01d7,neutral,The transaction is expected to be finalized by Dec 2009 .
pb-27b7d0bd7e5f,neutral,"Of the company 's net sales , 38 % was acquired in Finland , 21 % in other European countries , 40 % in Asia , and 1 % in the US ."
pb-109ce127785e,neutral,"Target company : Tieto Corporation , Business Identity Code : 0101138-5 Date of change in holding : 22 January 2010 Portion of the shares and votes : The current group holding of OP-Pohjola Group Central Cooperative ( OPK ) is 2982 587 shares , which represents 4.14 % of the shares and voting rights ."
pb-04d0b1e07bc3,neutral,"Simultaneously with this merger plan another merger plan has been signed , according to which Suomen Projektivuokraus Oy , a subsidiary of VTM-Rakennuskonevuokraamo Oy , would be merged with VTM-Rakennuskonevuokraamo Oy ."
pb-d31d1a3be983,neutral,"The study evaluated the safety , tolerability and pharmacokinetics of repeated doses of intravenously administered antibody in 26 patients with active plaque psoriasis ."
pb-61e8e0658330,neutral,Finnish glass technology group Glaston Corporation ( OMX Helsinki : GLA1V ) reported on Thursday ( 14 August ) an operating profit of EUR6 .5 m on net sales of EUR201 .5 m for the period January-September 2008 .
pb-c616fcc11c37,neutral,The report contains category level company and brand share as well as distribution share information for 2007 and 2008 .
pb-43ac7efe8ac6,neutral,"Finnish Kemira Group 's CEO , Lasse Kurkilahti , says the Group 's structural reorganisation will continue for at least a year ."
pb-2ccbb9dfdfa5,neutral,"According to Sweden 's Minister for Local Government and Financial Markets , Mats Odell , the decision to sell the State 's shares in telecom group TeliaSonera can only be carried out in cooperation with the State of Finland ."
pb-6e32f52e070f,neutral,"The offer of some 30 million shares aimed to raise more than  x20ac 500 million US$ 640 million , was expected to be completed by Oct. 9 , Outokumpu said ."
pb-fb3367d3d5ed,neutral,He said things will be different when new Finnish nuclear power stations go into operation and the large hydro powered stations of northern Europe have a good year .
pb-576d561e3dd7,neutral,Mobile data transfer is expected to increase explosively in the LTE era .
pb-f00220e7a4a9,neutral,"Below are consolidated , unaudited results for Amanda Capital under IFRS reporting standards ."
pb-fcea12ed716d,neutral,This corresponds to 6.81 percent of Okmetic 's share capital and voting rights .
pb-7671b3e37c3a,neutral,"Tikkurila Powder Coatings has some 50 employees at its four paint plants , which generated revenues of EUR2 .4 m USD3 .3 m in 2010 ."
pb-4de13f722773,neutral,"ALEXANDRIA , Va. , Oct. 3 -- Markka A. Oksanen and Harald Kaaja , both of Helsinki , Finland , Juha Salokannel of Kangasala , Finland , and Arto Palin of Viiala , Finland , have developed a system for providing communications security ."
pb-812de8bc8326,neutral,"The changes will take effect on 1 January 2010 , and they are not estimated to have an impact on the number of employees ."
pb-7e6df4d49844,neutral,`` We are selling an information systems development business to the Finns .
pb-487be6cd1f94,neutral,"FinancialWire tm is not a press release service , and receives no compensation for its news , opinions or distributions ."
pb-d957be647636,neutral,The company expects its net sales for the whole 2009 to be at previous year levels .
pb-6d55f10b71c2,neutral,The total investment of the project will be approximately EUR 36m .
pb-6ecb407048d7,neutral,"The total value of the project is about EUR53m , including the plots that will be transferred to Atria ."
pb-5afacd3fb396,neutral,"Simultaneously , his responsibility area is extended from legal affairs to cover also mergers and acquisitions ."
pb-5e26b27cc851,neutral,Cameco is to provide an upfront investment of up to USD 60mn for the construction of the uranium extraction circuit .
pb-3cc1bceced77,neutral,"The contract includes software licences , application maintenance and training ."
pb-d07de1d039e5,neutral,"At end-August , Sampo was Nordea 's biggest shareholder with a 20.6 % stake , followed by the state with 19.9 % ."
pb-2b4a482a85fe,neutral,"The expanded agreement covers the sale , marketing and distribution of Benefon 's navigation and locator devices in China ."
pb-d78568ab8962,neutral,"About 72 % of Evraz Group shares are owned by Lanebrook , whose beneficiaries , on the one hand , are Millhouse , the holding company for the assets of billionaire Roman Abramovich and his business partners 50 % ; and Evraz executives Alexander Abramov and Alexander Frolov 50 % , on the other ."
pb-050a5701573b,neutral,"The total restructuring costs are expected to be about EUR 30mn , of which EUR 13.5 mn was booked in December 2008 ."
pb-88dd0c047411,neutral,"The 718,430 new Series A shares will become subject to trading on the Helsinki Stock Exchange 's Main List , together with the old Series A shares , on July 3 , 2006 ."
pb-c0aff06d113e,neutral,The joint venture is planning a quick timetable for negotiating the lease of the potential wind farm areas and for charting the feasibility of the wind farms .
pb-538d787c49f4,neutral,"To check them out or to make a bid they will be in the Deka Showroom , Fortitude Valley ."
pb-e0fd4ff359fc,neutral,"The official opening of the office , located in Prague , will be celebrated on May 20 ."
pb-065d473736ca,neutral,`` Fixed Mobile Convergence solutions represent a key value proposition in today 's communication market .
pb-4d393bf73bde,neutral,Recently the company decided to build a second identical plant at the same site due to be commissioned toward the end of 2008 .
pb-0019b342741f,neutral,The fixed acquisition price amounts to NOK 70 ( approximately EUR 8.7 ) million and additional price NOK 15 ( EUR 1.8 ) million at maximum .
pb-6e8f33f5e054,neutral,Peigs www.peigs.se will become part of Sardus Latta Maltider Light Meals unit .
pb-15b1d9df053c,neutral,A huge issue for us is the button placement .
pb-3aaa6fb9eb31,neutral,"The contract also includes cutting and edging wagon parts at Ruukki 's steel service centres in Seinajoki and Raahe , both in southwestern Finland , from where they will be delivered to VR for welding and assembly ."
pb-3b344bb6e2d2,neutral,"Our customers come from the following countries : UK , USA , Spain , France , Italy , Germany , China , Hong Kong , Sweden , Norway , Netherlands , Austria , Belgium , Switzerland , Czech Republic , Finland , Canada , Russia , Ukraine , Denmark , Ireland , South Korea and Liechtenstein ."
pb-6563119e48a1,neutral,"Kemira 's R&D organization comprises approximately 750 people , the company said ."
pb-91ac2f081f1d,neutral,"Anttila 's online department store - NetAnttila - has an established position as the best-known , most visited and most shopped online store in Finland  ."
pb-714b97236fec,neutral,Total value of the contract is about EUR 10mn .
pb-699ed7e1258b,neutral,LSC 's 30 employees will move to Ixonos with their existing status and benefits .
pb-bb6024303ddb,neutral,"The Swedish Maritime Administration has closed the Furusund Channel , which Viking Line normally charters en route to Stockholm ."
pb-dffe03171786,neutral,"The sale will allow Campofrio to focus on its recently announced takeover of Groupe Smithfield Holdings , the European unit of Smithfield Foods Inc. ( SFD ) of the U.S."
pb-d2c777f840ce,neutral,Absolut Bank is exploring the possibility of further borrowing .
pb-623c8ea0eb43,neutral,"In terms of power generation , Fortum produced 39.3 TWh of electricity during the first nine months of 2006 , compared with 38.0 TWh during the same period in 2005 , according to figures released in the group 's latest financial results ."
pb-ca9e0077a866,neutral,"This rating from A.M. Best is the highest among the CIS countries , Central and Eastern Europe ."
pb-99119ef3db98,neutral,He wore a black beanie-type cap and a black jacket .
pb-3fa651537473,neutral,"CapMan , with offices in Helsinki , Stockholm , Copenhagen and Oslo , manages Nordic buyout , mezzanine , technology , life science and real estate funds with approximately EUR2 .6 bn in total capital ."
pb-2f7c882f490a,neutral,The machines will cease production by the end of February 2007 .
pb-c2ae52c659b4,neutral,The Finnish company claims to have over a quarter of a million contented Tulikivi fireplace business and homeowners worldwide .
pb-c99df749112d,neutral,The plant is expected to start production in the first half of 2007 .
pb-9127e8765a16,neutral,Panostaja Oyj 's Board also decided at its organisational meeting held upon completion of the AGM to implement the AGM decision concerning Board member fees paid as shares in such a way that shares are transferred on a quarterly basis on the date following publication of the quarterly-annual report .
pb-4e5f0b8796ff,neutral,Basware finances the acquisition with a bank loan .
pb-d5b478868afe,neutral,Exel wants to serve its industrial customers with individual products .
pb-91aefc02a68e,neutral,"Apart from Nordea , also Ergo is competing for the position among the top three pension funds providers in Estonia ."
pb-7fa4606804c1,neutral,The order was valued at over EUR15m .
pb-c1b912d6a734,neutral,"More than 50,000 tonnes of asphalt mix will be used in the contract ."
pb-167a738fc2d4,neutral,Vacon will supply drives to Ruselprom in the power range from 200 kW up to 2 MW .
pb-7856a3fbeb6b,neutral,"The Group , with net sales of EUR 235 million in 2009 , employs more than 2 000 people in 33 countries ."
pb-a858fc315097,neutral,Karppinen expects the consolidation trend to continue in the Finnish market .
pb-4f13a762cdfc,neutral,`` These developments partly reflect the government 's higher activity in the field of dividend policy . ''
pb-23756893f283,neutral,"Cargotec 's sales totalled EUR 3.4 billion in 2008 and it employs approximately 10,500 people ."
pb-8d9da1485bdc,neutral,"ALEXANDRIA , Va. , Jan. 9 -- United States Patent no. 7,862,685 , issued on Jan. 4 , was assigned to Kemira Chemicals Inc. ( Marietta , Ga. ) ."
pb-5f33ddfa38d8,neutral,"Commenting on the deal , Shane Lennon , SVP of Marketing & Product Development at GyPSii said : ?"
pb-94d637f45f6f,neutral,Nokia is requesting that the companies stop making and selling the mobile phones and pay monetary damages and costs .
pb-569bc2ccedcb,neutral,The company 's net sales in 2009 totalled MEUR 307.8 with an operating margin of 13.5 per cent .
pb-ceab943ecab7,neutral,Customers in a wide range of industries use our stainless steel and services worldwide .
pb-dee61cb2051f,neutral,"However , the brokers ' ratings on the stock differ ."
pb-7fa732359538,neutral,"The rewards to be paid on the basis of the earning period 2011 will correspond to the value of a maximum total of 364,000 Componenta Corporation shares including also the proportion to be paid in cash ."
pb-e7a7095f8160,neutral,"The total investment in the company will be EUR58m , of which Wartsila 's share will be EUR29m ."
pb-a8d85006f82b,neutral,Country : ; Germany Sector : Construction-Real Estate ; Machinery-Engineering Target : Caverion GmbH Buyer : YIT Oyj Deal size in USD : 90.3 m Type : Corporate acquisition Status : Agreed
pb-afc8a501379e,neutral,Stora Enso will record a capital gain of EUR 33 million as a non-recurring financial item in its fourth quarter 2006 results .
pb-7f222a410d63,neutral,The terms and conditions of Stock Option Scheme 2004 are available on the Group 's website .
pb-3e08571e2071,neutral,"A meeting for the media and analysts will be held on the same day at 10:30 a.m. at Stonesoft Headquarters in Helsinki , Italahdenkatu 22 A. The Interim report will be presented by Stonesoft 's CEO Ilkka Hiidenheimo ."
pb-c8e61dc3136f,neutral,"Okhta Center area is expected to have about 700,000 square metres of office premises by 2016 ."
pb-80a5336161b6,neutral,"In addition to the presentations held by President & CEO Kai Telanne and CFO Tuomas Itkonen , participants will have an opportunity to discuss with other members of the company 's management ."
pb-1e38ffb066b9,neutral,"The new apartment block is going up very close to the city center , explained Chairman of the Board of AS YIT Ehitus Priit Sauk ."
pb-02c0ed0f5672,neutral,Ponsse will divide its sales and maintenance service network into six geographical areas .
pb-ca1b7763cc12,neutral,"It is a member of the OneWorld alliance , which includes American Airlines and British Airways ."
pb-10ce4561069e,neutral,"According to Pietinalho , doctors should motivate their patients who smoke every time they visit their doctors ."
pb-d538e17e0bfd,neutral,"Based in Helsinki , Finland , Ramirent has branches in 13 Nordic , central and Eastern European countries ."
pb-a180bd6297eb,neutral,The issue came up in connection with discussion with local municipalities concerning the sale of water to industrial facilities .
pb-6cb5c5bf1ae9,neutral,"Nokia said that its next generation mobile gaming platform makes it easy for people to find , buy , play and share rich and immersive games on a range of Nokia devices ."
pb-466a307fd2f9,neutral,Pertti Ervi is independent from the Company and its major shareholders .
pb-4c52a7b88cb8,neutral,"One price category is for calls on the preferred operator 's network , and another for calls on other operators ' networks ."
pb-694d9aa86e8d,neutral,"While the company did not indicate the level of investment in the unit , it said that has purchased the equipment of Nokia Corporation 's mobile phone R&D laboratory in Jyvaeskylae ."
pb-2c1112974184,neutral,Finland 's dominating rail company VR is planning to set the infected passengers for long-distance trip in a separate carriage .
pb-097cd89651cc,neutral,"The purchase of sites worth 300 million in the Thames Gateway will provide more than 1,200 homes ."
pb-f0a4c9114e07,neutral,The Finnish company Stockmann has signed the contract with the company Technopolis .
pb-cbba7a0baff7,neutral,It also has potential clients in the growing environmental and recycling technology sectors .
pb-7e96b302ff98,neutral,The company 's model is based on developer contracting construction projects and customer focused project management .
pb-0422585bdaa7,neutral,A broad range of connectivity options including 3G - HSPA and Wi-Fi gives consumers high speed access to the Internet .
pb-b2e45c32b148,neutral,It is the first application in the market for invoice and purchase requisition approval with a mobile device .
pb-040a515f1f5b,neutral,"When dialing in , the participants should quote 877417 as conference ID ."
pb-145da9f8e93c,neutral,"Poyry is a global consulting and engineering firm focusing on the energy , forest industry and infrastructure & environment sectors ."
pb-473b72ce4ebb,neutral,"The Group 's consolidated net sales for 2008 totaled 3.4 billion euros and it employs approximately 13,000 persons ."
pb-a91a7fe10e81,neutral,"The company 's profit totaled Ls 134,700 ."
pb-3c53f17fde12,neutral,`` We have the most expensive water brand in Finland at the moment . ''
pb-b89495a06b77,neutral,The firm builds components for mobile phones and other communications products .
pb-4f4384ea6f61,neutral,"The composite body is coated with a hard coating layer produced by thermal spraying , and the coating is ground . ''"
pb-5e468c5f04a1,neutral,"Look out for vintage fabric cushion covers , '70s coffee pots , ceramic serving dishes , cocktail glasses , and stainless steel party dishes ."
pb-f2908bf477b2,neutral,"Tekla provides 3D software for building and infrastructure engineering , with a focus on building information modelling of steel and concrete structures from design to construction ."
pb-183bf9f8a776,neutral,"Equipment will be manufactured in Vaahto 's workshop in Hollola , Finland and is scheduled for shipments during the first quarter of 2009 ."
pb-d68d3242378e,neutral,"In the sinter plant , limestone and coke breeze are mixed with the iron ore concentrate and sintered into lump form or sinter for use in the blast furnaces as a raw material for iron-making ."
pb-c161488f9b05,neutral,"Finnish W+Ærtsil+Æ that provides power solutions for the marine and energy markets has opened a Service Centre in Murmansk , in Russia ."
pb-209ad8d7a869,neutral,"The casing comprises a first side casing member provided with the first side vat segment and a second side casing member provided with the second side vat segment , at least the first side casing member being pivotable about a rotation axis ."
pb-50f8f5fa28ac,neutral,"Currently , 95 % of Trainers House 's revenues are attributed to the Finnish market ."
pb-249be3c7adc6,neutral,"According to Ultrascan , with a software acquired from crackers , it has managed to change the mobile phone in a way that the phone was able to get hold of a one-time password sent by a bank via a text message ."
pb-762675afec32,neutral,Capital base and capital adequacy measurement is based on approaches under Basel II .
pb-18430eb0542c,neutral,"As reported June 26 , `` both circuits continued to alternately report the track as vacant and then occupied almost constantly from June 17 , when part of the track signaling device was replaced , to the time of the crash , according to the Metro source . ''"
pb-5cf161ed7abb,neutral,"CapMan , an asset manager , has EUR 3bn worth of assets under management in the Nordic region ."
pb-3bc81d873f86,neutral,The upgraded factory is scheduled to come on stream in the summer of 2008 .
pb-81ae3217ba6b,neutral,Panostaja did not disclose the purchase price .
pb-8c01704dfeb6,neutral,"Russia accounted for 9 % of the Lagardere magazine division 's revenue , or EUR 114.40 mn ( USD 148.11 mn ) in 2009 , the USA - for 18 % ."
pb-2e1dfef4ca45,neutral,"Mr. Jorma Valkama , Managing Director of Suomen Paikallissanomat Oy , states that Rannikkoseutu complements in an outstanding way the current product range of the company ."
pb-64e8d3b9685b,neutral,The Board of Directors has proposed the Extraordinary General Meeting to authorise the Board to decide on the issuance of a maximum of 30mn new shares in one or more share issues .
pb-0c434324be02,neutral,( The acquisition sum has not been disclosed . )
pb-2eb0ea2f3b20,neutral,We do hope that this will in the future turn out to be a novel method for the prevention of alcohol and tobacco smoking associated oral cancers .
pb-818aa5e4602f,neutral,You will hear the latest insights and updates on Citycon 's strategy as well as the latest news from all the business units .
pb-709b29154caa,neutral,"In 2008 , it generated net sales of EUR 9.3 million USD 13.1 m ."
pb-84ac9e455c7d,neutral,It inspects the companys strategic strengths and weaknesses .
pb-5d4a66f71df7,neutral,"In a letter to Economic Affairs Minister , the listed Estonian shipping company Tallink asks for the approval to be entitled to a 15 % cut in port fees in 2010 ."
pb-3791377baa13,neutral,15 September 2010 - Finnish electrical components maker Salcomp Oyj ( HEL : SAL1V ) announced today the launch of its latest Twist charger platform .
pb-1dc67a20e0cd,neutral,The new organization consists of two business units : Charging & Messaging and Finance & Administration .
pb-feee0440c75e,neutral,"ALEXANDRIA , Va. , Dec. 22 -- United States Patent no. 7,854,608 , issued on Dec. 21 , was assigned to Outotec Oyj ( Espoo , Finland ) ."
pb-9ad03ffe177f,neutral,A filter is used to pre-process packets to determine if they need to be further processed by the processor of the network device .
pb-e33086fd017b,neutral,"The report also said Nokia 's operations comprising the sites at Bochum , Ulm , Dusseldorf , Munich and Frankfurt posted operating profit after interest of 246 mln eur ."
pb-391c8f25c364,neutral,The adjustments concern staff in both the Specialty Papers and the Fiber Composites segments .
pb-9c53510e6610,neutral,The new SEPA cads will replace Finnish bank cards .
pb-18f5b455f52d,neutral,"Net sales in 2010 were about EUR 2.0 billion , of which international operations accounted for roughly a quarter ."
pb-5f082685c11a,neutral,Swedish Wallenberg family controlled Investor has bought a large stake of C shares in Swedish retail bank SEB .
pb-8a59958d3de5,neutral,Earnings per share EPS in the first quarter amounted to a loss of EUR0 .20 .
pb-db8a4c6cf30c,neutral,"Sanoma Learning & Literature , offering print and digital learning materials , is present in eleven countries ."
pb-d1f33b989009,neutral,The company 's net sales in 2010 totalled MEUR 311.4 with an operating margin of 13.9 per cent .
pb-7147fc4cea2d,neutral,"The most significant capital expenditure items were in the global enterprise resource planning ERP project , product development and production machines ."
pb-6030b2b57dda,neutral,"SCOPI Chief Business Excellence Officer , Eng ."
pb-361672369f45,neutral,"In 2009 , it reported net sales of approximately EUR 6mn ."
pb-cbadbdb00589,neutral,"`` Of course , we are in talks with all those coming up with new projects that involve material handling , '' Konecranes President and CEO Pekka Lundmark said , when asked whether it was talking to Reliance Industries for supplying equipment to its upcoming refinery in Jamnagar ."
pb-0d2540ff49c5,neutral,"If Honkarakenne starts production there , it will need a partner for sawmill operations ."
pb-c837550c9449,neutral,Finnish silicon wafer technology company Okmetic Oyj OMX Helsinki : OKM1V said on Wednesday 17 September that it will invest EUR6m in its sensor wafer business during 2009 .
pb-904ffabcc836,neutral,You are warmly welcome !
pb-80aeaa95df6c,neutral,"The company operates worldwide and employs in total approximately 47,000 persons ."
pb-89254f8c1a35,neutral,"Chic and cheerful , Finnish design house Marimekko has been sending its geometric textiles out into the world for the past 60 years ."
pb-e32e8c376bf1,neutral,All depends on financing .
pb-df3fe37050df,neutral,Finnish Bank of +_land will launch its long-term pension savings account at the beginning of June 2010 .
pb-1333a0ee23d1,neutral,The fine print is here .
pb-2f75965176db,neutral,Strategic and operational business information is objectively reported .
pb-2c579bc09325,neutral,Atria said its offer would give the Swedish company continued ownership and control of its slaughtering and cutting operations .
pb-91fa9fe6d300,neutral,Kirsi Rantanen was previously development director for HK Ruokatalo 's poultry business .
pb-3e7b6b26587e,neutral,Technopolis said before the protocol was signed that the techno-park would be built at a site covering more than six hectares in the Neudorf special economic zone and that it planned to invest 200 million euros in the project until 2009 inclusive .
pb-aa2bbcdf8f83,neutral,"JVC will stop producing DVD players in Brazil : JVC do Brazil , a subsidiary of Japan 's JVC group announced it will stop the production of DVD players in Brazil ."
pb-88066524223b,neutral,"For the fiscal year ending September 30 , 2009 the revenue from these customers was $ 10.012 million or around 11.0 % of the transportation group 's revenue ."
pb-5e02bb63543a,neutral,The company then said it will focus its resources on clinical research .
pb-d93d36e1ba4f,neutral,"ASPO Plc STOCK EXCHANGE BULLETIN October 24 , 2006 at 2:00 p.m. Aspo Systems Division has completed the statutory negotiations , as required under the Act on Co-Operation Within Undertakings , conducted as part of the action plan launched in August ."
pb-0d76d324affb,neutral,"The largest construction company in Finland , YIT Corporation , is to acquire 70 % of the shares in the Slovak construction company Reding Bratislava ."
pb-d239da4f0d19,neutral,The first phase will be completed by the end of 2012 .
pb-669b4c132d22,neutral,"Taking a cue from the playbook of the East Dillon Lions , we 've created a special team of heavy-hitting style players , such as boot-cut jeans , tummy tops and , of course , cowboy boots ."
pb-e5771e329b72,neutral,"At 3:37 p.m. Eastern time , a block of 2,400 contracts changed hands at a bid price of $ 0.45 ."
pb-c37606cd6b3c,neutral,"It s an area that is highly valued , because most of the land there has already been built on ."
pb-13824277c953,neutral,"The government started the sell-off last month , putting an 8 percent stake in TeliaSonera on the auction bloc ."
pb-645b56501966,neutral,Radiation and today is a full service house expert in radiation and nuclear safety issues .
pb-a18715e43d0d,neutral,The new location is n't the only change Wellmont has in store for its air transport service .
pb-1b1c79cb0d38,neutral,"Our solutions are fully Arabized , and our message is that we want to become the IT partner of choice for businesses in the Near-East region ."
pb-811a6e603a80,neutral,"Also , Technopolis plans to build a 100 million euro technology park at the special economic zone Neudorf in St. Petersburg , the St. Petersburg government said in February ."
pb-17928c96bc79,neutral,"Alma Media Corporation PRESS RELEASE March 25 , 2010 TYRV+_+_N SANOMAT PURCHASE CONFIRMED The business operations of Tyrv+Æ+Æn Sanomat Oy will be transferred to Suomen Paikallissanomat Oy ."
pb-68beb3b9a83c,neutral,"Also , a six-year historic analysis is provided for this market ."
pb-966d73fbf9d4,neutral,"RFID ( Radio Frequency Identification ) is a method of so-called intelligent transport , whereby information can be read and saved remotely ."
pb-a7cb6a69f9a7,neutral,"With Aldata , we can help retailers ensure that their merchandising and selections reflect customer demand and their evolving shopping behavior . ''"
pb-72a148c9de98,neutral,The company negotiated an amendment to the financial covenants of the present credit agreements in regard to the situation on 30 September 2010 .
pb-916dd1adb5dc,neutral,Finnish Rautaruukki 's engineering division Ruukki Engineering will re-organise its operations in the Mo i Rana plant in Norway .
pb-1d9a606c7357,neutral,"According to the Finnish-Russian Chamber of Commerce , all the major construction companies of Finland are operating in Russia ."
pb-6c9f820e2aee,neutral,An Android app will be coming soon .
pb-25cec0c68cbd,neutral,"Jun. 14 , 2009 ( AOL Weblogs delivered by Newstex ) -- Looks like the E71 is about to be upstaged as Nokia 's ( NYSE : NOK ) premier business-class smartphone -- someone in Espoo 's just hit the corporate YouTube account with this promo video for an E72 ."
pb-03f6e7fd7305,neutral,"In 2006 the company 's net sales amounted to approximately EUR259m and it has some 8,000 employees ."
pb-a6f99747bc55,neutral,"The report profiles 614 companies including many key and niche players worldwide such as Black & Decker Corporation , Fiskars Corporation , Fiskars Brands , Inc. , Husqvarna Outdoor Products Inc. , K+S Group , Ryobi Technologies , Inc. , The Scotts Miracle-Gro Company , and Van Group , Inc. ."
pb-a49e41baec3a,neutral,"Additionally , the company will use the solutions to automate the preparation of financial statements according to IFRS standard ."
pb-13c0a59f708b,neutral,Rental of building equipment accounted for 88 percent of the operating income .
pb-0196a73041e2,neutral,"`` Tweeple should check who 's following them , and be cautious when clicking on URLs and tinyurls . ''"
pb-6a8dfdd2251b,neutral,A spokeswoman for the Italian fashion house declined comment on the settlement .
pb-41cb18ffba16,neutral,"POYRY PLC Additional information by : Martin Kuzaj , President , Industry Business Group , Finland Tel. +358 10 33 21179 Sanna Paivaniemi , Director , Investor Relations , Poyry PLC , Finland Tel. +358 10 33 23002 Poyry is a global consulting and engineering company dedicated to balanced sustainability ."
pb-50d4d5801830,neutral,"Previously , the company also delivered about 70 % of the steel used in Oasis of the Seas , Allure of the Seas ' sister ship completed last year ."
pb-61aed964f50d,neutral,"Elcoteq 's Electronics Manufacturing Services ( EMS ) Business Segment serves customers globally in Engineering , Manufacturing and Fulfillment services ."
pb-8853be44f94d,neutral,The personnel s expertise and high level of technology play a major role in Exel Composites operations .
pb-b1df1c3822fb,neutral,Finnish construction company Lemminkainen Oyj HEL : LEM1S said yesterday that it would build a plastic film extrusion plant for packaging materials supplier Ab Rani Plast Oy at Lemminkainen 's Kaluga industrial park in Russia .
pb-5aa206df647a,neutral,Yakima created the position for him after emerging from economic downturns of its own .
pb-e47772f21223,neutral,"In 2008 , AVC Systemhaus had net sales of EUR 10 million USD 7.1 m ."
pb-045083c28d3a,neutral,"The joint venture will invest about EUR 500,000 in production technology straight away ."
pb-b0b3fcedf115,neutral,"The mall is part of the Baltic Pearl development project in the city of St Petersburg , where Baltic Pearl CJSC , a subsidiary of Shanghai Foreign Joint Investment Company , is developing homes for 35,000 people ."
pb-b221149f947b,neutral,"The agreement , which will cover monitoring , maintenance , server capacity service and backups , has a one-year extension option ."
pb-2e1728558ec3,neutral,The credit covers approximately 70 % of the ship 's price .
pb-6770c3f8d36a,neutral,`` Marimekko operates in an industry in which changes in the business climate are reflected in consumer demand .
pb-ea91e4455b14,neutral,The capital structure of Solidium may be complemented by other financial instruments in the future .
pb-e99ace65c3e9,neutral,The merger between the two telecoms operators was expected to result in the world 's fourth largest telecoms operator .
pb-6a0354c8ca29,neutral,"Latin America currently accounts for approximately 40 % of sales at Tecnotree , company president and CEO Eero Mertano recently told BNamericas ."
pb-2a4a6404ca1e,neutral,"As the world leaders in developing UV technology for municipal wastewater , drinking water , and industrial water treatment systems , Trojan Technologies was a logical partner in providing W+Ærtsil+Æ with UV technology for ballast water treatment ."
pb-84497abb6b04,neutral,"Aug. 17 , 2010 ( Curbed delivered by Newstex ) -- And now , the latest from Racked , covering shopping and retail from the sidewalks up ."
pb-59038ab1ee93,neutral,"Finnish heat-retaining fireplaces maker Tulikivi Oyj said on August 29 , 2007 that its local tiled stoves and utility ceramics subsidiary Kermansavi Oy will merge into Tulikivi by means of absorption in order to streamline the latest 's corporate structure ."
pb-a08a6e0e586d,neutral,Philips was not available to comment on the report .
pb-97b0ae857799,neutral,The writing and publication of Lemmink+Æinen - s history is a continuation of earlier collaboration between Antti Tuuri and the company .
pb-b062f2902513,neutral,"In Finland , Hamina Cargo Terminal , of Finnish Nurminen Logistics , has purchased a warehouse with ground lease rights in the Port of Hamina ."
pb-acff7ce13a96,neutral,"Utah 's capital wanted to be the next U.S. headquarters of Amer Sports Corp. , a ski-equipment company ."
pb-4420eea29945,neutral,"Tekla will organize an information meeting for analysts and media at WTC Helsinki Marski meeting room , Aleksanterinkatu 17 , the same day at 12:30 - 1:30 p.m. Light lunch will be served ."
pb-b8ceed6cb027,neutral,"In Europe , the paper industry 's situation is paradoxical ."
pb-023f4bab3c48,neutral,The estimated value of the deal is USD 9.2 million .
pb-f541b02fad9f,neutral,The value of the deal has not been disclosed .
pb-d0cef1a1bc66,neutral,"Aho is proud of the company 's new product , Lordi-Cola ."
pb-8cfba5c6d8c7,neutral,"Risto Raty , Tekla 's executive vice president , said that Tekla Structures and ArchiCAD will cover the entire design and documentation workflow throughout a construction project ."
pb-2e48627e66ca,neutral,Implementation of the project will be carried out by the Finnish company YIT in association with the investment fund Evli Property Investment Russia ( EPI ) .
pb-f0f4d6562edb,neutral,"zip , '' experts warned Tuesday ."
pb-04132b47370f,neutral,"Established in 1989 , CapMan manages Nordic buyout , mezzanine , technology , life science and real estate funds with approximately EURO 3 billion $ 4 billion in total capital ."
pb-cbf6da778da5,neutral,The company will be part of Teleste 's Video and Broadband Solutions business area .
pb-d871c624df89,neutral,This is the company 's first contract abroad .
pb-bde5c3428c34,neutral,"Metso Oyj said it has sold its spreader roll manufacturing business and related assets in the town of Nokia , southern Finland , to a group of Finnish investors , who will operate the business under the name of Finbow Oy ."
pb-1038395ce861,neutral,"The Group owns and operates a fleet of more than 800dwt , while container capacity is 17,000 TEUs , and manages a diversified fleet of its own railway rolling stock of over 17,000 units ."
pb-8d280549f0b4,neutral,"The utility will also provide services related to electricity management , such as hedging trades and risk management and reporting ."
pb-c7d10c99aa2f,neutral,"In April-June 2008 , Scanfil 's net sales totalled EUR 58.7 mn and operating profit EUR 6.6 mn ."
pb-fd04c7256798,neutral,"As such , the space has blond wood floors ( unlike the rest of the store ) and a notably Scandinavian vibe ."
pb-e119f8f98858,neutral,"`` The summer collection 2008 will be joyfully fresh like a vitamin injection , '' said H&M 's head of design Margareta van den Bosch ."
pb-74e23e29ef83,neutral,"Some 250 people , of whom more than 200 are workers , will be retiring from the Raahe Works between 2008 and 2011 ."
pb-db60659d6453,neutral,Finnish logistics and information solutions provider Done Solutions Corporation ( OMX Helsinki : DSO1V ) reported on Wednesday ( 29 October ) an operating profit of EUR3 .6 m on net sales of EUR35 .1 m for the period January-September 2008 .
pb-b4a5fcc047d2,neutral,They both will report to Oriola-KD 's chief executive officer Eero Hautaniemi .
pb-e53588336a45,neutral,"`` Over the years , the color orange has become synonymous with quality ."
pb-3fd7617d2d0d,neutral,"The objective is that trading in the shares will commence on May 2 , 2007 ."
pb-5a3a920e7598,neutral,"Under a preliminary estimation , the technology park will measure about 50,000 square meters ."
pb-6e21e396c355,neutral,QPR product family is fully compatible with Microsoft 's Windows 7 operating system .
pb-bf0a831b2489,neutral,"Professional and consumer applications include personal navigation , personal safety , field and workflow management , and asset tracking ."
pb-01574ff26c1a,neutral,`` Our Vaalipalvelu-service was especially developed for use by communities and organizations .
pb-087fa1cb32a5,neutral,Vacon 's office will support its customers in Brazil and South America .
pb-e7071f8b2ac4,neutral,Lemmink+Æinen started the manufacture of roofing felt in 1920 and the production of asphalt in the 1930s .
pb-224f59d2491a,neutral,"Following the registration , the share capital of Biotie is EUR 52,556,678.10 ."
pb-7787bfa4d125,neutral,"The Group 's business sectors are Building Construction , Infrastructure Construction , Technical Building Services , and Building Products ."
pb-d34fc1231688,positive,The fund at fair value will increase correspondingly .
pb-7450e208594d,positive,This new partnership agreement represents a significant milestone for both parties .
pb-acaed9a71758,positive,`` The CHF is a great product .
pb-f708659de812,positive,This transaction will also rationalize our pulp and paper industry related solutions .
pb-6fe0babcd6f7,positive,"Profit after taxes was EUR 0.1 mn , compared to EUR -0.4 mn the previous year ."
pb-69e3d5ad604e,positive,"Separately , YIT Corporation and Austrian firm E AG last week signed an agreement on the sale of E 's building system service business in Germany , Austria , Poland , the Czech Republic , Hungary and Romania for EUR 55 mln ."
pb-b91bdc84eab5,positive,"Order intake , on the other hand , is expected to be stronger than in 2007 ."
pb-e6a0f2332624,positive,"Net sales went up by 1 % year-on-year to EUR 29 million , affected by the business acquisitions , realized during the previous financial period , the effect of which was EUR 5.1 million on the review period ."
pb-e21047be6668,positive,"STORA ENSO , NORSKE SKOG , M-REAL , UPM-KYMMENE Credit Suisse First Boston ( CFSB ) raised the fair value for shares in four of the largest Nordic forestry groups ."
pb-e7e83dddab48,positive,"Lule+_ municipality has awarded YIT a 2-year contract , for property management of about one third of the municipality 's properties , with a total area of 140,000 sq. metres ."
pb-07b7fb552b92,positive,"Estonian telecoms company Elisa 's customer numbers cross 400,000 TALLINN , Oct 22 , BNS - The Estonian telecommunications company Elisa won approximately 50,000 new clients in the nine months of this year , bringing the number to 401,800 by the end of September , the company said ."
pb-e6ad4c84c792,positive,"Comparable net sales are expected to increase more than 10 % in 2008 , in line with group target ."
pb-764b5cea17ad,positive,"Via the agreement , Ramirent will expand the range of equipment and services it delivers to Destia , Ramirent Finland 's managing director Kari Aulasmaa , said ."
pb-d372fed0259b,positive,"Kemira Coatings is the leading supplier of paints in Northern and Eastern Europe , providing consumers and professionals with branded products in approx ."
pb-8769db7af08f,positive,"Finnish Suominen Corporation that specialises in wet wipes , nonwovens , and flexible packaging reports net sales of EUR 44.1 mn in the second quarter of 2010 , up from EUR 43.3 mn in the second quarter of 2009 ."
pb-652dea1d44b0,positive,Finnish-Swedish TietoEnator is expanding its business quickly in Russia .
pb-4edc5c629749,positive,"At a press conference , Lattelecom board chairman Nils Melngailis explained that Blackstone had been chosen for its experience in the IT sector as well as its financial strength ."
pb-9eb4dc41c808,positive,The price for logs has clearly improved from 2009 and also the price of pulpwood has gone up .
pb-42136740e540,positive,KESKO FOOD LTD PRESS RELEASE 04.01.2006 AT 13.00 Kesko Food Ltd is launching a major TV campaign to recruit as many as one hundred new K-food retailers .
pb-15e3ca8d22bf,positive,"The company , which makes garden tools , scissors and other consumer goods , said earnings were boosted by 6.9 mln eur of income it received from its 16.7 pct shareholding in Finnish engineering group Wartsila ."
pb-04f519c8eaa4,positive,The aim is an annual improvement in Ruukki Construction 's operating profit of more than EUR 3 million USD 4.1 m starting in 2009 .
pb-c9778e2a8140,positive,"In the first nine months of 2010 , the company 's net loss narrowed to EUR 415,000 from EUR 7.4 million for the corresponding period of 2009 ."
pb-865495a84dc3,positive,The increase in capital stock has been registered in the Finnish Trade Register on 20 November 2006 .
pb-980311fb8f03,positive,The company 's strength is its Apetit brand .
pb-393e392a460e,positive,"Profit for the period was EUR 9.8 mn , up from EUR 6.0 mn in 2004 ."
pb-afc0ddd75119,positive,Most of the increase in net sales was due to the acquisition of Swedish Silva that produces garden tools and boats .
pb-2c6fa2ba8787,positive,Pretax profit rose to EUR 17.8 mn from EUR 14.9 mn in 2005 .
pb-df23693548a5,positive,The company expects its net sales in 2008 to increase 5-10 % from 2007 .
pb-d1f3bc61cfac,positive,"The money will be spent `` on strengthening the company 's competitiveness in the sphere of sawmill products and increasing the volume of wood delivered for processing in Russia , '' the release says ."
pb-03e34eb037bd,positive,Nordea Group 's operating profit increased in 2010 by 18 percent year-on-year to 3.64 billion euros and total revenue by 3 percent to 9.33 billion euros .
pb-18d6afc8ec4f,positive,Efficiency programs totalling 100 million euros are under way in Finnair .
pb-41527567b33f,positive,"Sales VAT inclusive expanded by 19 percent , to 351 million euros ."
pb-96926613d709,positive,"According to PKC , the acquisition would bring a significant addition to PKC 's customer base ."
pb-858487f0b3c7,positive,The company expects net sales to significantly increase from 2009 .
pb-44b0224e3481,positive,Operating profit rose to EUR 9.2 mn from EUR 6.8 mn in the corresponding period in 2007 .
pb-5cdec423a215,positive,`` Our design team has long admired Marimekko 's vivid patterns and colors .
pb-4dd47a993b9d,positive,"Again , the most significant sales increase of 18.6 % was in Russia ."
pb-2248beac4bf3,positive,The new policy was also aimed at making the companies more profitable and competitive .
pb-6fed864e9c69,positive,"Operating profit totaled EUR 37,7 mn , up slightly from EUR 37.2 mn in the corresponding period in 2006 ."
pb-19fd183f5ee7,positive,The company plans to expand into the international market through its subsidiaries and distributors from 2011 onwards .
pb-38105df01f07,positive,"Furthermore , Novator Finland Oy has entered into a securities lending agreement , whereby Novator Finland Oy will hold directly the same amount of shares that are underlying of the OMX market forwards from May 23 through May 26 , 2008 ."
pb-96d882c62b07,positive,"Finnish flexible packaging manufacturer Suominen Corporation reports net sales of EUR 54.5 mn in the first quarter of 2008 , compared with EUR 54.3 mn a year earlier ."
pb-d4e12d4c6873,positive,"Our strong company brands - ESL Shipping , Leipurin , Telko and Kaukomarkkinat - aim to be the market leaders in their sectors ."
pb-e45314aaed9f,positive,The companies have agreed on long-term cooperation to mechanise harvesting in Stora Enso 's eucalyptus plantations in Southern China .
pb-127e0dc8f790,positive,"Ragutis , which is based in Lithuania 's second-largest city Kaunas , boosted its sales last year 22.3 per cent to 36.4 million liters ."
pb-084411abbb0d,positive,"The company 's consolidated operating profit amounted to EUR 15.86 mn , up from EUR 4.14 mn year-on-year ."
pb-90cec67c8f45,positive,"Both operating profit and net sales for the six-month period increased , respectively from EUR7 .5 m and EUR655 .5 m , as compared to the corresponding period in 2005 ."
pb-33c03aee9754,positive,"OUTOTEC OYJ PRESS RELEASE , FEBRUARY 19 , 2008 AT 11.00 AM Outotec has won two large minerals processing technology orders from Mirabela Mineracao do Brasil Ltda , Brazil and from Cumerio Med JSCo , Bulgaria ."
pb-c758c69d638f,positive,Ruukki announced that it has signed an agreement with Aker Solutions of Norway to supply 24 suction anchors in September 2010 from its Kalajoki unit in Finland .
pb-7f83644dc442,positive,"According to Finnish pension insurance company Varma , Varma was the recipient of over two thirds of the revenue of the earnings-related pension cover that was under competitive tendering in Finland ."
pb-48b0f9a14483,positive,"`` Overall , we 're pleased with the startup curve ... and we 're pleased with the quality of the paper , '' Stora spokeswoman Patricia Dietz said Tuesday ."
pb-3c5df096449b,positive,"Its main business area , the Glass Machinery Group of Glaston Technologies , is the global market leader in glass processing machines ."
pb-51bc1c558210,positive,"Finnish airline Finnair has won a deal with the UK public sector to be the official airline for flights from London Heathrow to Osaka in Japan , as well as flights between Manchester in the UK and Helsinki in Finland ."
pb-cba984c17198,positive,Finnish Outokumpu Technology has been awarded several new grinding technology contracts .
pb-98f0e0a833b9,positive,Tekla will implement the renewal in software versions which will be introduced in spring 2011 .
pb-3b301507d3d9,positive,"Selects Third Party Logistics Leader Transplace for Best-in-Class Technology , Procurement Capabilities ; Leading Specialty Packaging Manufacturer Employs Complete 3PL Solution for Supply Chain Visibility and Transportation Efficiency to Increase Service Levels and On-Time Deliveries"
pb-4fac640c00e3,positive,Strong growth has continued also in China .
pb-270e0840b445,positive,"We succeeded in increasing our market share of sold apartment '' , comments Mr Kari Kauniskangas , Head of YIT International Construction Services ."
pb-d3d31c43bbeb,positive,Cash flow from business operations totalled EUR 0.4 mn compared to a negative EUR 15.5 mn in the first half of 2008 .
pb-8abcb340d4a3,positive,"In January-September 2007 , Finnlines ' net sales rose to EUR 505.4 mn from EUR 473.5 mn in the corresponding period in 2006 ."
pb-9f59295771a4,positive,"The financial impact is estimated to be some 1.5 MEUR annual improvement in the division 's result , starting from fiscal year 2007 ."
pb-133a8f4cc362,positive,It is in line with its plans to focus on selected growth segments and streamline corporate structure .
pb-021021d65281,positive,`` We 've been feeling quite positive about the region as a whole .
pb-1656e39e2789,positive,"Digia said its consolidated net sales for January-June 2010 were EUR67 .8 m , up 9.7 % on the same period in 2009 ( EUR61 .9 m ) ."
pb-e5eed9cc4882,positive,"`` We have significant experience in smartphone functionality , in the development of mobile Internet services , and in uniting the two into a smooth user experience ."
pb-58deee4fb4a5,positive,"`` Following last year 's good profit development , we have entered the current year in a good position ."
pb-f37986484e17,positive,"The company has established a 3G base station at about 17,000 feet at the foot of Mount Everest that will enable mountain climbers at the 29,035-foot summit to surf the Internet and even send videos of their exploits ."
pb-a46de12ced40,positive,"A Helsinki : ELIiV today reported EPS of EUR1 .13 for 2009 , an increase over EPS of EUR1 .12 in 2008 ."
pb-fcb64f1ea520,positive,This is a much better process than using virgin paper as it requires less transportation of wood pulp from places like Finland and Canada .
pb-48bfc423bbd7,positive,"Earnings per share ( EPS ) amounted to EUR0 .98 , up from the loss of EUR0 .02 ."
pb-8965b1d5a99a,positive,"The 250 sq m 2,691 sq ft store in Copenhagen 's premier shopping district was inaugurated today , further strengthening the company 's presence in Nordic capitals ."
pb-4ab5fa3ab740,positive,Unit costs for flight operations fell by 6.4 percent .
pb-10acd1de85e5,positive,"firm 28 October 2009 - Finnish lifting equipment maker Konecranes Oyj HEL : KCR1V said today it acquired US Machine Tool Solutions Unlimited in Cincinnati , Ohio , for an undisclosed sum ."
pb-2d65b8e4f92e,positive,Sales have risen in other export markets .
pb-cad745786981,positive,"Both operating profit and net sales for the six-month period increased , respectively , from EUR13 .8 m and EUR143 .6 m , as compared to the corresponding period in 2007 ."
pb-2d7257aef3d9,positive,`` The lowering of prices by us and by our competitors shows that the real estate market has stabilised and returned into balance and apartments are acquiring a fair price in the eyes of our clients .
pb-eca682bb91d3,positive,"Earnings per share for the quarter were also higher year-on-year at 0.33 eur versus 0.27 , and above market expectations of 0.28 eur ."
pb-99972e83c5e5,positive,"Savon koulutuskuntayhtyma , Finland based company has awarded contract for specialist agricultural or forestry machinery ."
pb-f8278a3bc02b,positive,Aspocomp has repaid its interest bearing liability to Standard Chartered Bank and will use the rest of the consideration to partially repay its interest bearing liabilities in Finland and to improve its liquidity .
pb-3a60efee0a18,positive,"Finnish construction group YIT has been awarded a contract to install heating , air conditioning and cooling systems to the new head office of the automobile association ADAC in Munich in Germany ."
pb-ca38be8ea776,positive,Altimo and TeliaSonera said yesterday that Usmanov would be welcome to join the new company .
pb-a86640f8594c,positive,The group will expand the chain to include 45 stores .
pb-6c3d5414f7d6,positive,"Production capacity will rise gradually from 170,000 tonnes to 215,000 tonnes ."
pb-569c6bbf9518,positive,"We aim to ensure that Vacon is in good shape when capital expenditure starts to pick up again , '' comments Vacon Plc President and CEO Vesa Laisi ."
pb-166521062e85,positive,The pretax profit of the group 's life insurance business increased to EUR36m from EUR27m .
pb-8b3045a1c5a5,positive,"Tiimari Latvian representative Ineta Zaharova said that the company earned LVL 122,000 in 2005 profit , which is 20 times more that in 2004 ."
pb-4d127ddb1bf8,positive,"This is Done Logistics ' largest order in Norway , the diversified group said ."
pb-004d048048ea,positive,"( ADP News ) - Feb 12 , 2009 - Finnish IT solutions provider Affecto Oyj ( HEL : AFE1V ) said today its net profit rose to EUR 8.5 million ( USD 11m ) in 2008 from EUR 7 million in 2007 ."
pb-930f705c27e3,positive,"HELSINKI , Finland , Sept. 18 , 2009 ( GLOBE NEWSWIRE ) -- Ixonos Plc expands the company 's smartphone R&D services and establishes a new next-generation smartphone design unit in connection with Ixonos ' site in Jyvaeskylae ."
pb-972f7ffed28e,positive,"`` The margarine business has been put into good shape in the last two years , making it a natural addition to Bunge , which is looking to leverage its position in the Central and Northern European markets , '' Raisio CEO Matti Rihko said in a statement ."
pb-3fecba9c2741,positive,The expansion aims to attract new customers both in Finland and abroad .
pb-1f6851e609de,positive,"The fair value of investment properties totalled EUR 2,299.9 mn , compared to EUR 2,229.5 mn in the corresponding period in 2009 ."
pb-8a4e72846490,positive,"M-real Corporation Press release on 3 November at 10:35 am M-real Corporation was the second best company in the materials sector including e.g. forest industry companies in the Carbon Disclosure Leadership Index CDLI , Nordic Report 2009 ."
pb-e468e8141af8,positive,"Finnish security and privacy software solutions developer Stonesoft Oyj said on January 7 , 2008 that the preliminary sales of its StoneGate products grew by 59 pct year-on-year to 3.6 mln euro ( $ 5.3 mln ) for the fourth quarter of 2007 ."
pb-0547696aea7d,positive,"Profit for the period was EUR 5.9 mn , up from EUR 1.3 mn ."
pb-c03ecf45c202,positive,"`` We are delighted to welcome Elisa to our Board of Directors , '' said Garry McGuire , CEO of RMG Networks ."
pb-fb586d2fba52,positive,"Fiskars , a 360-year-old global business best known for its orange-handled scissors , expects to derive synergies of EUR5 million a year by consolidating certain parts of the housewares division where the two compete ."
pb-d43d20a8b45f,positive,Circulation revenue has increased by 5 % in Finland and 4 % in Sweden in 2008 .
pb-82489fd9aaa5,positive,"Forestries were also higher , driven by yesterday 's bullish analyst comment on Stora Enso in Dagens Industri , dealers said ."
pb-e2579a948ec3,positive,"TietoEnator itself uses Nokia 's Intellisync Mobile Suite 's wireless email , calendar , and device management capabilities , and the company will now extend these services to its customers ."
pb-79d72de55bcf,positive,The executive group will participate in the adjustments with a fixed-term 5 % salary cut .
pb-69cfdfcf59c0,positive,"Earnings per share for January-June 2010 were EUR0 .30 , an increase of 20 % year-on-year EUR0 .25 ."
pb-7d28795a691c,positive,"We are honored to be acknowledged for our commitment to the industry , especially in Asia Pacific . ''"
pb-4bdb3c5cc30b,positive,Finnish Cargotec 's Kalmar has received a significant order from the US Department of Defense .
pb-55030928dd0d,positive,SysOpen Digia had signed an agreement with the main shareholders of Sentera holding in total 77.39 % of the share capital and votes of Sentera .
pb-03020f9de92a,positive,"Net interest income totaled EUR 15.9 mn , compared to EUR 15.6 mn a year earlier ."
pb-2a9e4fe28850,positive,"Tekla Structures BIM Building Information Modeling software is being developed according to a long-term plan of improved user experience , process , and functionality ."
pb-e8a7c8d824e6,positive,M-real 's sales are expected to have increased by 4 % year-on-year to EUR609m in the second quarter of 2010 .
pb-da1e59f9917c,positive,"HELSINKI ( AFX ) - Retail and wholesale group Kesko reported net sales of 659.4 mln eur for February , an increase of 10.8 pct year-on-year ."
pb-361da1542025,positive,The world 's biggest magazine paper maker said the program to improve efficiency will include closing several of its least competitive mills and would cover all the company 's operations resulting in annual savings of some euro200 million US$ 240 million .
pb-52dfb1e381cb,positive,"After the takeover , Cramo will become the second largest rental services provider in the Latvian market ."
pb-8a81cdeec95b,positive,"Kone 's factory located at Ayanambakkam , a suburb to the west of Chennai , is a fully integrated facility which gives it the capability to address costs ."
pb-c9de246b1f03,positive,"With the measures , Suominen Corporation aims to ensure the competitiveness of the Flexible Packaging business in the long term ."
pb-9384d76ac4d2,positive,Deliveries have started and the network will be ready for a launch soon .
pb-0a4aaf72d4aa,positive,"Nokia controls more than 50 percent of phone sales in India and Africa , and has a strong prosition on most other emerging markets ."
pb-42d61b79df1d,positive,The cooperation will double The Switch 's converter capacity .
pb-48bc024cbcca,positive,"Via the move , the company aims annual savings of some EUR 3 million USD 4.3 m , the main part of which are expected to be realized this year ."
pb-f937d7f4d113,positive,Talvivaara has secured a 10-year off-take agreement for 100 per cent of its main output of nickel and cobalt to Norilsk Nickel and entered into a long-term zinc streaming agreement with Nyrstar NV .
pb-d37411c3f69c,positive,Strand Associates is expanding its Madison corporate headquarters with space to add about 100 employees to the engineering firm .
pb-85462fbd8c7e,positive,"Commission income increased by 22 % to EUR 4.4 mn , and lending volume rose by 13.5 % ."
pb-1d05695b9924,positive,"In the fourth quarter of 2009 , Orion 's net profit went up by 33.8 % year-on-year to EUR33m ."
pb-e16c1af97b60,positive,The training modules aim at strengthening the public accounting abilities and fulfilling communal project management .
pb-8642a9fd2f67,positive,"18 May 2010 - Finnish electronics producer Elcoteq SE HEL : ELQAV said today that it has signed an extensive cooperation agreement on industrialisation , manufacturing , distribution and after-market services for mobile phones with Japan 's Sharp TYO : 6753 ."
pb-d010e4dd0854,positive,"In January , traffic , measured in revenue passenger kilometres RPK , went up by 3.2 % and capacity , measured in available seat kilometres ASK , rose by 12.2 % ."
pb-c08e44efa2ac,positive,The acquisition will considerably increase Kemira 's sales and market position in the Russian metal industry coatings market .
pb-1bc44df1c597,positive,Pretax profit rose to EUR 0.6 mn from EUR 0.4 mn in the corresponding period in 2005 .
pb-ff868830bd66,positive,Turnover rose to EUR21m from EUR17m .
pb-0bd9db587d7b,positive,1 February 2011 - Finnish textile and clothing company Marimekko Oyj HEL : MMO1V said today its preliminary operating profit grew to EUR8 .2 m in 2010 from EUR6 .3 m in 2009 .
pb-eaa66a94e83c,positive,Net sales increased to EUR655m in April to June 2010 from EUR438m a year earlier .
pb-7b2ba13b7f52,positive,Finnish metal products company Componenta Oyj net profit rose to 26.1 mln euro ( $ 35.9 mln ) for the first quarter of 2007 from 5.3 mln euro ( $ 7.3 mln ) for the same period of 2006 .
pb-a5b404c89d88,positive,"- BEIJING XFN-ASIA - Hong Kong-listed Standard Chartered Bank said it has signed a China mobile phone dealer financing agreement with Nokia , making it the first foreign bank to offer financing to the country 's small and medium enterprise -LR"
pb-9fa42e527e56,positive,"`` We are happy to be working with Rapala to encourage boaters and anglers to introduce newcomers to the sport , '' said RBFF President & CEO Frank Peterson ."
pb-bdbaf30b0130,positive,The EPS outlook was increased by 5.6 pct for 2007 and 7.0 pct for 2008 .
pb-22c543b2cb2c,positive,One of my colleagues summed up the E7 quite aptly when he remarked : `` Fantastic hardware .
pb-42691e7d6a21,positive,"Quarterly diluted EPS on continuing operations came in at 0.21 eur , compared with last year 's 0.12 eur ."
pb-33e784e5d48e,positive,28 October 2010 - Finnish wood products technology supplier Raute Oyj HEL : RUTAV said today it swung to a net profit of EUR3m for the first nine months of 2010 versus a net loss of EUR5 .2 m for the same period a year earlier .
pb-fbab1064a6f5,positive,Incap Contract Manufacturing Services Private Limited has inked agreements with six new customers in India .
pb-24764594e881,positive,"Finnish Ahlstrom Corporation will double its investments in a new specialty glassfiber reinforcement plant in South Carolina , in the US ."
pb-ef25dbca96ee,positive,"Finnish Larox has signed a contract with the Talvivaara Project for the delivery of filters to the Talvivaara nickel mine in Sotkamo , in Finland ."
pb-95fded8bee8d,positive,"Russian export duties will activate harvesting in Finland , and sales in Russia will increase also ."
pb-676cc779ad86,positive,The offer represents a premium of 24 % over the stock 's closing price on Friday .
pb-6e71de4b7aaf,positive,"More than 200 volunteers from Fiskars , the garden tool company , Home Depot ( NYSE : HD ) , the city of Baltimore and the neighborhood are working right now to create a garden sanctuary - in a single day ."
pb-c782aed9caa9,positive,A realignment of interests in the sector is clearly under way .
pb-64947f6415c5,positive,"`` After a long , unprofitable period the Food Division posted a profitable result , which speaks of a healthier cost structure and a new approach in business operations , '' Rihko said ."
pb-012c1374de3d,positive,The rationalization of the operations seeks to achieve over EUR 1 million in yearly savings as from the second quarter of the current financial year .
pb-55f6ef8b0c88,positive,EBIT excluding non-recurring items was estimated to increase from 2009 .
pb-b575c9da8331,positive,EPS grew to 0.04 eur from 0.02 eur .
pb-f640bc966dc4,positive,"`` Neste Oil is working with over 20 research communities in Europe , America , Africa , Asia , and Australia to develop and introduce new raw materials ."
pb-ca83a6be514b,positive,Satama 's net sales would be higher than the year before .
pb-b7c69b948648,positive,Orders received grew by 55 % year-on-year to EUR732m .
pb-74e3928cb00c,positive,"Sales in Latin America increased by 42 % to EUR 432mn , and a total of 8.7 mn mobile devices were sold in the area , representing an increase of 32 % from the corresponding period in 2009 ."
pb-9b62dbbc7744,positive,Under the contract Cramo Sverige and its subcontractor Brinkab AB will provide all scaffolding installations at LKAB 's new pellets plant in Kiruna in northern Sweden .
pb-87b142e97e19,positive,Last year SysOpen Digia invested in IBM product know-how in the building of portal and trading place systems and successfully implemented customer solutions supported by it .
pb-1c1557fa81e7,positive,"in Q1 '10 19 April 2010 - Finnish forest machinery and equipment maker Ponsse Oyj HEL : PON1V said today that it expects to swing to a net profit of some EUR6 .3 m in the first quarter of 2010 , from an EUR9 .6 m loss a year earlier ."
pb-dc15d753a45b,positive,Brazilian mobile player Telemig Celular yesterday announced that it has selected Finnish software developer Tecnomen Oyj to expand its prepaid billing system .
pb-b8b6d85e89db,positive,"Foundries division reports its sales increased by 9.7 % to EUR 63.1 mn from EUR 57.5 mn in the corresponding period in 2006 , and sales of the Machine Shop division increased by 16.4 % to EUR 41.2 mn from EUR 35.4 mn in the corresponding period in 2006 ."
pb-bb15d685293b,positive,`` Stonesoft sees great promise in the future of IPv6 .
pb-ee931cc99409,positive,The company aims to maintain this trend in profitability during the current year .
pb-b7c1b455a6af,positive,The pretax profit of the group 's life insurance business increased to EUR 36 million from EUR 27 million .
pb-171defcb0115,positive,"Exel Composites ' long-term growth prospects remain favourable , however ."
pb-355ab294958b,positive,The solutions will be used for upgrading the networks of a Russian MSO in 37 different cities in Russia .
pb-2dae3142a4dc,positive,"The fair value of the investment properties totaled EUR 2,534.9 mn , up from EUR 2,455.1 mn in 2006 ."
pb-d3f01af0d97f,positive,"Seppala 's revenue increased by 0.2 % to EUR10 .1 m. In Finland , revenue went down by 2.4 % to EUR6 .8 m , while sales abroad rose by 6.2 % to EUR3 .3 m. Sales increased in all the Baltic countries as well as in Russia and Ukraine ."
pb-c6f5e7a4b215,positive,Also Lemmink+Æinen 's profit for accounting period went up to EUR 3.1 mn from EUR -24.5 mn a year ago .
pb-1574e4b194f1,positive,"SysOpen Digia Plc , Press release , 7 February 2006 IBM Finland has rewarded its most distinguished partner companies for 2005 ."
pb-a1e7cfd2ff70,positive,"Comptel , a vendor of dynamic Operations Support System ( OSS ) software , has been selected by Orascom Telecom ( OTH ) as partner for provisioning and activation solutions for mobile services ."
pb-73c8bb72bc34,positive,Sponda will record a profit from the sale of 8.5 mln euro ($ 12.4 mln).
pb-8a4534ceaaf5,positive,"The company also said on November 16 , 2006 its Real Estate Fund I Ky signed an agreement with Finnish window maker Fenestra Oy to build a window plant in Forssa , southern Finland ."
pb-d8d318e0b081,positive,"Okmetic 's products are based on high-tech expertise that generates added value for customers , innovative product development and an extremely efficient production process ."
